,genusName,speciesName,,evergreenDeciduous,fruitSize(cm),seedSize(mm),fruitType,soil,droughtTolerance,familyName,volume,typeMonoOrDio,Biome,Elevation,seedLongevity,LongtermSeedBank,growth,pollinationTimeLocation1,floweringTimeLocation2,floweringDuration,reproductiveBud,pollination,mainSeedDropTime,seedDispersal,seedPredator,lifeSpanMax,reprodAge,seedDormancy,seedType,stratification,seedWeights,determinacy,modeDispersal,mastEvent,mastCycle,criticalEnvironmentalCue,note,shadeTolerance,climate,leafLongevity,oilContent,proteinContent,dormancyClass
1,Abies,amabilis,,Evergreen,8 to 10,10 to 20,cone,Moist,,Pinaceae,1,Monoecious,Temperate,high,,No,slow-growing,May,,two weeks,early July,wind,Sep to Oct,wind,"birds, insects, rodents",590,20 to 30,Y,Orthodox,cold moist,46.21,NA,Most sound seeds fall within 114 m (375 ft) of stand edge,Y,3,soil moisture,,tolerant,,6,,,PD
2,Abies,balsamea,,Evergreen,4 to 10,3 to 6,cone,Moist,Low,Pinaceae,1,Monoecious,Temperate,broad,15,No,slow-growing,late May to early June,,,spring,wind,Sep to Oct,"wind, mammals","birds, insects, rodents",200,20 to 30,Y,Orthodox,cold moist,7.62,NA,Commonly 25每60 m (80每200 ft),Y,2 to 4,,,tolerant,,4.3,11.7,,PD
3,Abies,concolor,,Evergreen,7 to 12,8 to 12,cone,"Dry, Moist",High,Pinaceae,1,Monoecious,Temperate,broad,21,No,slow-growing,late May to early June,,several weeks,,wind,Sep,wind,"birds, insects, rodents",350,40,N,Orthodox,,37.05,NA,1.5 to 2 times tree height,Y,6,drought and cold-tolerant,,tolerant,,7.7,,,PD
4,Abies,fraseri,,Evergreen,3.5 to 6,4 to 5,cone,Moist,Low,Pinaceae,1,Monoecious,Temperate,high,,No,slow-growing,mid-May to early June,,several weeks,prior growing season,wind,Sep to Oct,wind,"birds, insects, rodents",150,15,Y,Orthodox,No,8.15,NA,Up to 1.6 km (1 mile); 50% fall over 274 m (900 ft),Y,2,,,tolerant,,7.5,,,PD
5,Abies,grandis,,Evergreen,5 to 12,5 to 7,cone,"Dry, Moist",High,Pinaceae,1,Monoecious,Temperate,low to mid,16,No,slow-growing,April,,two weeks,prior growing season,wind,Sep to Oct,"wind, mammals","birds, insects, rodents",300,20,Y,Orthodox,cold,28.1,NA,"Typically 45每60 m (150每200 ft), can reach up to 120 m (400 ft)",Y,2 to 3,drought tolerant,,tolerant,moderately moist habitats,6,,,PD
6,Abies,lasiocarpa,,Evergreen,6 to 12,5 to 6,cone,Moist,Low,Pinaceae,1,Monoecious,Temperate,high,9,No,slow-growing,late spring to early summer,,,prior growing season,wind,Sep to Oct,"wind,mammals","birds, insects, rodents",250,20,Y,Orthodox,cold moist,11.35,NA,Commonly ≒30 m from timber edge,Y,3,,,tolerant,cool and moist sites,6.5,,,PD
7,Abies,magnifica,,Evergreen,15 to 23,7 to 9,cone,Moist,Low,Pinaceae,1,Monoecious,Temperate,high,16,No,slow-growing,"May to June, California","mid-June to late June, southwestern Oregon",several weeks,cones form on 1-year-old branches,wind,late Sep to mid-Oct,wind,,600,35 to 45,Y,Orthodox,,84,NA,1.5每2℅ tree height,Y,2 to 6,low drought tolerance,,,cold wet winters and warm dry summers,NA,,,PD
8,Abies,procera,,Evergreen,11 to 22,7 to 9,cone,Moist,Low,Pinaceae,1,Monoecious,Temperate,high,16,No,slow-growing,May to June,,one month,cones form on 1-year-old branches,wind,late Sep to early Oct,wind,"birds, insects, rodents",700,20,N,Orthodox,,34.93,NA,"Most seeds fall within 1每2 tree heights; max potential: ~600 m (2,000 ft)",Y,6,,"poor seed quality due to inadequate pollen, poor synchrony between female receptivity and pollen shedding, selfing, insects.",intolerant,cool summers and mild wet winters,5,,,PD
9,Chamaecyparis,lawsoniana,,Evergreen,0.7 to 1,3 to 5,cone,"Moist, Wet",Low,Pinaceae,1,Monoecious,Temperate,low to mid,16,No,slow-growing,mid-March,,,Late spring每summer (1 year before pollination),wind,Sep to Oct,"wind, water",rodents,560,5 to 20,Y,Orthodox,,3.38,NA,~80每110 m (260每360 ft) from parent trees,Y,4 to 5,little drought resistance,,tolerant,,NA,24.7,11.9,NA
10,Chamaecyparis,nootkatensis,Callitropsis nootkatensis,Evergreen,0.8 to 1.4,4 to 5,cone,Wet,Low,Pinaceae,1,Monoecious,Temperate,high,,No,slow-growing,"April, south","June, north",two weeks,summer before pollination,wind,mid-Sep to early Dec,wind,insects,700,,Y,Orthodox,warm+cold,4.19,NA,less than 120 m,Y,4,,low seed viability,tolerant,wet cool summers?,NA,,,PD
11,Chamaecyparis,thyoides,,Evergreen,0.4 to 0.9,1.5 to 2,cone,"Moist, Wet",Low,Pinaceae,1,Monoecious,Temperate,low,,No,slow-growing,early April,,,summer before pollination,wind,Oct to late Feb,"wind, water",insects,1000,3 to 5,Y,Orthodox,cold,3.33,NA,Up to ~183 m (600 ft) from 15 m trees in 8 km/h wind,Y,,,,intermediate,"warm, humid",NA,,,PD
12,Juniperus,occidentalis,,Evergreen,0.6 to 1,4 to 6,cone,Dry,High,Pinaceae,1,Dioecious,Temperate,mid to high,,No,slow-growing,spring,,,previous year,wind,Sep to Oct,mammals,"birds, insects, mammals",400,,Y,Orthodox?,"mechanical, warm+cold",58.16,NA,"Average 1.3m by gravity, but water runoff can be far",Y,2 to 5,,,intolerant,,NA,,,PD
13,Juniperus,scopulorum,,Evergreen,0.5 to 0.9,4 to 6,cone,Dry,High,Pinaceae,1,Dioecious,Temperate,mid to high,3.5,Yes,slow-growing,mid-April to mid-June,,,late summer previous year,wind,mid-Sep to mid-Dec,"gravity, water, birds, mammals","birds, insects, mammals",300,10,Y,Orthodox,mechanical,14.73,NA,potentially long,Y,2 to 5,,,,"Dry, subhumid",NA,,,PD
14,Juniperus,silicicola,Juniperus virginiana var. silicicola,Evergreen,0.4 to 0.6,3 to 4,cone,Dry,High,Pinaceae,1,Dioecious,Temperate,low,,Yes,slow-growing,Jan to Feb,,,,wind,Oct to Nov,birds,"birds, mammals",,,Y,,"cold, chemical",NA,NA,potentially long,Y,2 to 3,,,intolerant,,NA,,,NA
15,Juniperus,virginiana,,Evergreen,0.4 to 0.6,4 to 4,cone,Dry,High,Pinaceae,1,Dioecious,Temperate,low to mid,,Yes,slow-growing,late Feb to early spring,,a few days,late summer,wind,Oct to Dec,"birds, mammals","birds, insects, mammals",,10,Y,Orthodox,"chemical, cold, warm",15.1,NA,potentially long,Y,2 to 3,,,intolerant,Not picky,NA,9.7,13.8,PD
16,Larix,laricina,,Deciduous,1.3 to 1.9,5 to 4,cone,"Moist, Wet",Moderate,Pinaceae,1,Monoecious,Temperate,low to mid,18,No,,"late April to early May, Ontario","mid-May to late May, Alaska",,same spring as flowering,wind,Sep to Oct,"wind, rodents","birds, insects, rodents",,12 to 15,N,Orthodox,,1.66,NA,"Typically <2℅ tree height, but successful up to 60 m (~200 ft)",Y,3 to 6,,,intolerant,cold wet,NA,,,PD
17,Larix,lyallii,,Deciduous,4 to 5,,cone,"Dry, Moist",Moderate,Pinaceae,1,Monoecious,Temperate,high,long,No,slow-growing,June,,,,wind,Sep,"wind, rodents","birds, insects, rodents",1000,100,Y,Orthodox,,3.21,NA,,Y,10,,,intolerant,"cold, moist",NA,,,ND
18,Larix,occidentalis,,Deciduous,2.5 to 3.5,,cone,Moist,Moderate,Pinaceae,1,Monoecious,Temperate,mid to high,16,No,fast-growing,mid-April to mid-May,,one month,previous fall,wind,mid-Oct,"wind, rodents","birds, insects, rodents",900,25,Y,Orthodox,burning or mechanical,3.38,NA,"large wings, 240m",Y,5,,,intolerant,"cool, moist",NA,,,PD
19,Libocedrus,decurrens,Calocedrus decurrens,Evergreen,1.4 to 4,,cone,Dry,High,Pinaceae,1,Monoecious,Temperate,mid to high,,No,slow-growing,late winter to early spring,,several months,previous Sep,wind,Aug to Oct,wind,insects,500,,Y,,cold,39.81,NA,fell within 200 feet (60 m) of the parent tree,Y,3 to 6,,,tolerant,dry,NA,,,PD
20,Picea,breweriana,,Evergreen,8 to 17,5 to 7,cone,Moist,High,Pinaceae,1,Monoecious,Temperate,high,17,No,slow-growing,mid-April to mid-June,,,early summer,wind,Sep tp Oct,"wind, rodents","birds, insects, rodents",900,20 to 30,Y,Orthodox,cold moist,9.73,NA,"large wings, can disperse far",Y,2,,,tolerant,cold wet winters and warm dry summers,NA,,,PD
21,Picea,engelmannii,,Evergreen,4 to 6,3,cone,Moist,,Pinaceae,1,Monoecious,Temperate,high,17,No,slow-growing,late April to early May,,,April to May,wind,late Oct,"wind, rodents, mammals","birds, insects, rodents",600,15 to 40,Y,Orthodox,cold moist,3.2,NA,Up to 183 m (600 ft) from source in bumper years; most fall within 31 m (100 ft) of windward edge.,Y,2 to 5,,frost and drought are major causes of mortality,tolerant,cold winter and cool summers,NA,,,PD
22,Picea,glauca,Picea laxa,Evergreen,2.5 to 8,,cone,Moist,High,Pinaceae,1,Monoecious,Temperate to boreal,low to mid,20,No,slow-growing,"May to early June, south","mid June, north",a few days,previous late July,wind,Sep,"wind, rodents, mammals","birds, insects, rodents",300,30,Y,Orthodox,cold,2.42,NA,"Most seeds fall within 2 tree heights, or 150 to 200 feet (45-60 m) from parent trees",Y,10 to 12,moisture together with fertility,"cool, wet or snowy weather delays the onset of dispersal and causes cones to close",,long cold winters and short cool summers,3.5,,,ND
23,Picea,mariana,,Evergreen,1.5 to 3.5,,cone,"Moist, Wet",Low,Pinaceae,1,Monoecious,Temperate to boreal,low to mid,17,Yes,slow-growing,May or June,,,previous early Aug,wind,Aug,"wind, rodents","birds, insects, rodents",250,10,Y,Orthodox,,1.19,NA,Most seeds disperse within about 260 feet (80 m) of their parent,Y,2 to 4,,cones remain partially closed and disperse for several years,,long cold winters and short warm summers,5.5,,,ND
24,Picea,pungens,,Evergreen,6.4 to 10.2,,cone,Moist,Moderate,Pinaceae,1,Monoecious,Temperate,mid to high,,,slow-growing,May or June,,,,wind,early Sep to late Sep,"wind, rodents","birds, insects, rodents",600,20,N,Orthodox,,4.42,NA,falling within 300 feet (90 m) of the upwind timber edge,Y,2 to 3,,growth on moist soil,intermediate,,4,,,PD
25,Picea,rubens,,Evergreen,3 to 4,,cone,"Dry, Moist",High,Pinaceae,1,Monoecious,Temperate,mid to high,30,No,,May,,a few days,previous July,wind,early Oct,"wind, rodents","birds, insects, rodents",400,15 to 20,N,Orthodox,,3.31,NA,approximately 201 feet (61 m),Y,3 to 8,,need moisture,,cool moist summers and cold winters,4,,,PD
26,Picea,sitchensis,,Evergreen,5 to 10,,cone,"Moist , Wet",Low,Pinaceae,1,Monoecious,Temperate,low to mid,24,No,,"late April, southern part","early June, northern part",several weeks,previous summer,wind,Oct,"wind, rodents","birds, insects, rodents",800,20 to 40,Y,Orthodox,,2.37,NA,Varies from 30 m (100 ft) (clearcut edge) to 0.8 km (0.5 mi),Y,3 to 8,,need stable moisture,tolerant,,3.8,,,ND
27,Pinus,albicaulis,,Evergreen,4 to 8,7 to 11,cone,"Dry , Moist",High,Pinaceae,1,Monoecious,Temperate,high,12,Yes,,mid-July,"June, mid-elevation",,previous early summer,wind,early Sep,"birds, mammals","birds, insects, rodents",1000,20,Y,Orthodox,"mechanical, cold",136.14,NA,far by birds,Y,4,,,intolerant,"cold, moist to semiaird",NA,,,PD
28,Pinus,banksiana,,Evergreen,3 to 5.5,4 to 5,cone,Dry,High,Pinaceae,1,Monoecious,Temperate,low to mid,21,Yes,fast-growing,"mid-May to early June, northeastern Wisconsin",,,previous July,wind,,fire,"birds, insects, rodents",,5 to 10,N,Orthodox,,3.45,NA,fire is required to release the seeds,,,,"take several years for them to drop cones, fire is important",intolerant,,3,,,NA
29,Pinus,clausa,,Evergreen,3 to 8,4 to 6,cone,,High,Pinaceae,1,Monoecious,Subtropical,low,,Yes,,"mid-Nov, northern Florida","late Dec to mid-Jan, northwest Florida",,early summer,wind,Sep to Nov,"wind, rodents","birds, insects, rodents",40-60,5,Y,,,6.04,NA,dispersal distance 23 m to 28 m,N,,,cone requires heat to open,intolerant,,NA,,,PD
30,Pinus,contorta,,Evergreen,3 to 7.5,5,cone,Dry,High,Pinaceae,1,Monoecious,Temperate,broad,,Yes,,"mid-May to late May, Vancouver and northwestern Washington","mid-June to Late June, higher elevation",,,wind,Aug to Sep,"wind, rodents","birds, insects, rodents",,,N,Orthodox,,4.23,NA,Most effective within 60 m (200 ft) of source,Y,1 to 3,,"cone requires heat to open, need high soil moisture",intolerant,,2,,,PD
31,Pinus,echinata,,Evergreen,4 to 7,6,cone,Dry,High,Pinaceae,1,Monoecious,Temperate,low to mid,0.5,No,,March to April,,,,wind,late Oct to early Nov,"wind, birds, mammals","birds, insects, rodents",200,20,Y,Orthodox,cold,29.16,NA,85% fall within 50m of forest walls,Y,3 to 10,,,intolerant,,2.5,,,PD
32,Pinus,edulis,,Evergreen,4 to 5,10 to 15,cone,Dry,High,Pinaceae,1,Monoecious,Temperate,mid to high,,No,,mid-June,,a few days,previous Aug,wind,Sep,"birds, rodents","birds, insects, rodents",1000,25,Y,,cold,245.79,NA,up to 12 km,Y,4 to 7,,,intolerant,warm semiarid,5,,,PD
33,Pinus,elliottii,,Evergreen,3 to 4,6 to 7,cone,Moist,Low,Pinaceae,1,Monoecious,Subtropical,low,15,,fast-growing,late Jan to Feb,,two weeks,"Male: June, Female: Aug",wind,Oct,"wind, mammals","birds, insects, rodents",200,10 to 15,N,Orthodox,,32.45,NA,>90% fall within 46 m of parent.,Y,3,,,intolerant,"warm, humid",2,,,PD
34,Pinus,flexilis,,Evergreen,8 to 15,7 to 12,cone,"Dry , Moist",High,Pinaceae,1,Monoecious,Temperate,high,,Yes,slow-growing,June to July,,two weeks,spring,wind,Sep to Oct,"birds, mammals","birds, insects, rodents",1000,20 to 40,Y,Orthodox,,113.22,NA,Clark＊s nutcracker can transport seeds up to 23 km (14 mi).,Y,2 to 4,cold drought tolerant,,intolerant,,2,59.8,25,PD
35,Pinus,glabra,,Evergreen,3.5 to 7,6,cone,Moist,Moderate,Pinaceae,1,Monoecious,Temperate,low,10,No,fast-growing,,,,,wind,Nov,,"birds, insects, rodents",100,10,Y,Orthodox,cold,8.62,NA,,N,,,,tolerant,long hot humid summers and mild winters,2.5,,,ND
36,Pinus,jeffreyi,,Evergreen,12 to 30,13,cone,Dry,High,Pinaceae,1,Monoecious,Temperate,mid to high,18,Yes,slow-growing,June or July,,,,wind,Sep or Oct,"wind, rodents, birds","birds, insects, rodents",500,8,Y,Orthodox,cold,122.49,NA,can be widely spread,Y,2 to 4,cold drought tolerant,,intolerant,,2.5,,,PD
37,Pinus,lambertiana,,Evergreen,25 to 50,10 to 20,cone,Dry,,Pinaceae,1,Monoecious,Temperate,mid to high,15,,,"late May, low elevation","early Aug, high elevation",two months,previous July,wind,late Aug to Oct,"gravity, birds, mammals","birds, insects, rodents",500,,Y,Orthodox,mechanical,208.51,NA,"seeds not dispersed great distances by wind, birds and small mammals aid in seed dissemination",,,,,intermediate,hot dry summers and cool wet winters,3,,,NA
38,Pinus,monophylla,,Evergreen,3.5 to 5.5,10 to 17,cone,Dry,High,Pinaceae,1,Monoecious,Temperate,mid,,No,slow-growing,mid-June,,,previous late spring,wind,Sep to early Nov,"birds, mammals","birds, insects, rodents",1000,35,N,,,473.27,NA,,Y,3 to 7,cold drought tolerant,,intolerant,,7,25.5,9.50%,PD
39,Pinus,monticola,,Evergreen,12 to 38,5 to 7,cone,"Dry , Moist",High,Pinaceae,1,Monoecious,Temperate,mid to high,15,No,,late June to mid-July,,8.5 days,previous July,wind,Aug to Sep,"wind, rodents, birds","birds, insects, rodents",500,7,Y,Orthodox,cold,20.41,NA,most seeds fall within 120m of the parent tree,Y,4,"warm, dry period during the early summer of the 2 years before strobilus emergence fabor production",,intermediate,dry summers and a predominance of winter precipitation,2.5,,,PD
40,Pinus,nigra,,Evergreen,5 to 10,6 to 8,cone,,,Pinaceae,1,Monoecious,Temperate,low to mid,10,No,fast-growing,May to June,,3 days,,wind,Oct to Nov,wind,"birds, insects, rodents",400,15 to 40,N,Orthodox,,17.2,NA,,Y,2 to 5,,,intolerant,,3.152083333,,,PD
41,Pinus,palustris,,Evergreen,15 to 20,10,cone,Dry,High,Pinaceae,1,Monoecious,Temperate to subtropical,low,,,,"late Feb, southern part","early April, nothern part",,previous July,wind,Oct to Nov,wind,"birds, insects, rodents",,30,N,,,94.42,NA,71% of sound seeds falling within a distance of 20 of the base of parent trees,Y,4 to 5,,,intolerant,"warm, wet, temperate climate ",2.666666667,,,PD
42,Pinus,ponderosa,,Evergreen,8 to 15,4 to 5,cone,"Dry , Moist",High,Pinaceae,1,Monoecious,Temperate,mid to high,17,No,,early May to mid-June,,two weeks,previous June,wind,early Sep to Nov,"gravity, rodents","birds, insects, rodents",600,7,Y,Orthodox,,41.57,NA,not disseminated naturally over extensive distances.,Y,2 to 5,"temperature influences growh timing, tolerant of drought and frost",,intolerant,,3,,,PD
43,Pinus,pungens,,Evergreen,4.2 to 10,6.3,cone,Dry,High,Pinaceae,1,Monoecious,Temperate,mid to high,9,Yes,slow-growing,"late March to early April, low elevation","mid-April to late April, high elevation",two weeks,,wind,Jan to Dec,"wind, rodents","birds, insects, rodents",200,5 to 10,N,Orthodox,,13.18,NA,long wings,N,,"fire crucial for regeneration, flower sensitive to frost and drought",,intolerant,"warm, humid",2.5,,,PD
44,Pinus,radiata,,Evergreen,,,cone,Dry,,Pinaceae,1,Monoecious,Temperate,low to mid,21,Yes,,late winter to early spring,,,previous year,wind,Feb to March,"wind, rodents","birds, insects, rodents",100,5 to 10,N,Orthodox,,31.84,NA,"dispersal is gradual, unless opened by filre",N,,,,intermediate,"cool, moist",3,,,PD
45,Pinus,resinosa,,Evergreen,3.5 to 6,3 to 5,cone,"Dry , Moist",High,Pinaceae,1,Monoecious,Temperate,low to mid,42,Yes,,April to June,,,previous June to Aug,wind,late Aug to Oct,"wind, rodents","birds, insects, rodents",400,15 to 25,Y,Orthodox,,8.5,NA,,Y,3 to 7,,drought tolerant,intolerant,"warm summers, cold winters, and low to moderate precipitation",4.5,,,ND
46,Pinus,rigida,,Evergreen,3 to 9,4 to 5,cone,Dry,High,Pinaceae,1,Monoecious,Temperate,low to mid,11,No,,late April to early May,,two weeks,previous year,wind,Nov to April,"wind, rodents","birds, insects, rodents",200,3,Y,Orthodox,,NA,NA,Up to ~90 m (300 ft),Y,4 to 9,,drought tolerant,intolerant,humid,3,,,ND
47,Pinus,sabiniana,,Evergreen,15 to 30,15 to 25,cone,Dry,High,Pinaceae,1,Monoecious,Temperate,low to mid,5,Yes,,March to April,,,previous year,wind,Oct to Dec,"wind, rodents","birds, insects, rodents",,10 to 25,Y,Orthodox,cold moist,703.62,NA,potentially far by birds and streams,Y,2 to 3,,drought tolerant,intolerant,mild winters and hot dry summers,2.5,49.40%,25%,PD
48,Pinus,serotina,,Evergreen,5 to 8,5 to 6,cone,Moist,,Pinaceae,1,Monoecious,Temperate,low,,Yes,,"late March, Florida","late April, North Carolina",,,wind,Oct to Jan,"wind, rodents","birds, insects, rodents",100,10,Y,,,8.75,NA,Several times tree height due to winged seeds,Y,,need heat to open the cone,,intolerant,,2.5,,,PD
49,Pinus,strobus,,Evergreen,8 to 20,5 to 6,cone,"Dry , Moist",Moderate,Pinaceae,1,Monoecious,Temperate,low to mid,20,No,,May to June,,,,wind,Aug to Sep,"wind, mammals","birds, insects, rodents",450,5 tp 10,Y,Orthodox,cold,16.56,NA,≡60 m (200 ft) in forests; >210 m (700 ft) in open,Y,3 to 5,moisture critical,,intermediate,,2,,,NA
50,Pinus,sylvestris,,Evergreen,3 to 6,4 to 5,cone,,High,Pinaceae,1,Monoecious,Temperate,broad,15,No,,lat May to early June,,two to three days,previous late summer,wind,late Oct to Dec,"wind, mammals","birds, insects, rodents",1000,5 to 8,N,Orthodox,,5.78,NA,Common: 50每100 m (164每328 ft); max: ≡1 km (0.6 mi),Y,3 to 6,,,intolerant,,2.405333333,,,NA
51,Pinus,taeda,,Evergreen,6 to 12,5 to 6,cone,Moist,High,Pinaceae,1,Monoecious,Temperate,low to mid,15,No,,mid-Feb to early April,,,previous July to Aug,wind,Oct to Dec,wind,"birds, insects, rodents",200,25,Y,Orthodox,cold moist,26.19,NA,Common: 61每91 m (200每300 ft) downwind; 23每30 m (75每100 ft) otherwise,Y,3 to 6,,,intolerant,,3,17.5,,PD
52,Pinus,virginiana,,Evergreen,4 to 7,4 to 7,cone,Moist,High,Pinaceae,1,Monoecious,Temperate,low to mid,5,Yes,,March to May,,,,wind,Oct to Jan,"wind, rodents","birds, insects, rodents",100,5,,Orthodox,,8.45,NA,Avg: 30 m (100 ft),Y,4,,,intolerant,,3,,,PD
53,Pseudotsuga,macrocarpa,,Evergreen,10 to 18,9 to 12,,Dry,High,Pinaceae,1,Monoecious,Temperate,mid to high,19,No,,early March to mid-April,,two to three weeks,previous July,wind,Sep to Oct,"gravity, wind, rodents, birds","birds, insects, rodents",700,40,Y,Orthodox,cold moist,88.15,NA,primarily under canopy,N,,wet years critical for seedling emergence,,intolerant,,NA,,,PD
54,Pseudotsuga,menziesii,,Evergreen,6 to 10,9 to 14,,Dry,High,Pinaceae,1,Monoecious,Temperate,broad,,Yes,,"March to April, warmer","May to early June, cooler",,previous spring,wind,Oct,"wind, mammals","birds, insects, rodents",1000,20 to 30,Y,,,10.88,NA,mostly within 100 m,Y,,,,tolerant,"moist, mild climate",3,,,PD
55,Sequoia,sempervirens,,Evergreen,2 to 3.5,3 to 6,,Moist,Moderate,Pinaceae,1,Monoecious,Temperate,low,16,No,,lat Nov to late Jan,,,,wind,Dec to Jan,wind,insects,3000,5 to 15,,Intermediate,,4.67,NA,"Uphill: 61m, downhill: 122 m",N,,need high moisture,,tolerant,"winters are cool and rainy, and the summers are dry.",NA,,,NA
56,Sequoiadendron,giganteum,,Evergreen,4 to 7,4 to 7,,Moist,High,Pinaceae,1,Monoecious,Temperate,mid to high,14,Yes,,mid-April to mid-May,,,previous late summer,wind,,"wind, mammals",insects,3200,20,N,Intermediate,,6.16,NA,up to 0.4 km via wind,Y,,need fire to release the seeds,,intolerant,,NA,,,PD
57,Taxodium,distichum var. distichum,,Evergreen,2.5 to 4,4 to 6,,,,Taxodiaceae,1,Monoecious,Temperate,low,,No,,March to April,,,previous year,wind,Oct to Dec,"wind, mammals","birds, insects",,,,,,87,NA,,Y,3 to 5,,,intermediate,,NA,,,ND
58,Taxus,brevifolia,,Evergreen,1,5 to 6,,,,Pinaceae,1,Dioecious,Temperate,low to mid,,No,,spring,,,,wind,Aug to Oct,"rodents, birds","birds, mammals",300,,,Orthodox,,30.92,NA,,N,,,,tolerant,,5.5,,,PD
59,Thuja,occidentalis,,Evergreen,0.9 to 1.4,4 to 7,,Moist,,Pinaceae,1,Monoecious,Temperate,low to mid,5,No,slow-growing,late April to early June,,,,wind,Sep to Nov,wind,insects,800,6,,Orthodox,,1.47,NA,Estimated 45每60 m (150每200 ft) by wind.,Y,2 to 5,,,tolerant,,NA,,,NA
60,Thuja,plicata,,Evergreen,1 to 1.2,4 to 7.5,,"Dry , Moist",,Pinaceae,1,Monoecious,Temperate,low to mid,5,Yes,,"March to April, sourhern coastal","May to June, coastal Alaska",two weeks,,wind,Oct to Nov,wind,insects,1000,20 to 30,N,Intermediate,,1.4,NA,are not carried more than 400 feet (122 m) from the parent tree,Y,3 to 4,not frost tolerant,,tolerant,,NA,,,NA
61,Torreya,taxifolia,,Evergreen,2.5 to 3.5,,,,Low,Pinaceae,1,Dioecious,Subtropical,low,,No,,March to April,,,previous spring,wind,Aug to early Nov,"wind, rodents","insects, rodents",,20,Y,Orthodox?,,2015.9,NA,,Y,5,not drought tolerant,,tolerant,wet summers and dry winters,3,,,PD
62,Tsuga,canadensis,,Evergreen,1.5 to 2.5,8 to 12,,Moist,Moderate,Pinaceae,1,Monoecious,Temperate,low to mid,,No,,late April to early June,,,,wind,mid-Oct,"wind, rodents","birds, insects, rodents",800,20 to 30,Y,Orthodox,cold,2.96,NA,most seeds fall near tree height due to small wings; some dispersal on crusted snow.,Y,3 to 4,,,tolerant,,5.15,,,PD
63,Tsuga,heterophylla,,Evergreen,1.5 to 2.5,8 to 15,,"Moist , Wet",Low,Pinaceae,1,Monoecious,Temperate,low to mid,16,Yes,,"mid-April to late April, Western Oregon","late May to June, coastal Alaska",,,wind,mid-Sep to late Sep,"wind, rodents","birds, insects, rodents",500,25 to 30,Y,Intermediate,cold,1.97,NA,disperse far,Y,2 to 8,,,tolerant,,NA,,,ND
64,Tsuga,mertensiana,,Evergreen,10 to 18,3 to 5,,Moist,High,Pinaceae,1,Monoecious,Temperate,high,20,No,slow-growing,"June, Cascade range and British Columbia","mid-May to June, Alaska",,,wind,late Sep to Nov,"wind, rodents","birds, insects, rodents",800,20,,Orthodox,,4.69,NA,,,,daytime temperature pollen release; high temperature before cone production favor cone-bud initiation,,tolerant,cold,4,,,ND
65,Acacia,koa,,Evergreen,,,,"Dry , Moist",High,Leguminosae,2,,Tropical,mid to high,,,,"Mauna Kea, December to February","Lower elevation, late winter to July",nearly continuous,,insects,Jan to Dec,"gravity, wind",insects,,2 to 3,Y,Orthodox,mechanical,90.9,NA,Rarely dispersed far,N,,sensitive to drought,,intolerant,,NA,,,NA
66,Acer,barbatum,Acer floridanum,Deciduous,,,,,High,Aceraceae,2,polygamo-dioecious,Temperate,low to mid,,,,late march to April,,,,,June,,,,,,,,NA,NA,likely short to moderate,,,,,tolerant,,NA,,,MPD
67,Acer,macrophyllum,,Deciduous,4 to 7,8 to 12,samaras,Moist,Low,Aceraceae,2,Heterdichogamous,Temperate,low to mid,0.5,No,,"low elevation or south, March","high elevation and north, June",2-4 weeks,,insects,Oct to Jan,wind,rodents,200,10,Y,Intermediate?,cold,138.03,NA,likely short to moderate,N,,,,intermediate,,NA,,,PD
68,Acer,negundo,,Deciduous,4,,samaras,Moist,High,Aceraceae,2,Dioecious,Temperate,low,2,No,fast-growing,March to May,,,early spring,wind,Oct to Mar,wind,"birds, mammals",100,8 to 10,Y,Orthodox,,33.92,NA,likely short to moderate,N,,,,,,NA,28.2,48.8,ND
69,Acer,nigrum,,Deciduous,3 to 5,7 to 10,samaras,Moist,Moderate,Aceraceae,2,,Temperate,low to mid,,No,,"Vermont, first week in May","other range, April",3-8 days,,"wind, insects",late Sep to early Oct,wind,birds,200,,Y,,moist cold,NA,NA,moderate to long,Y,4,,,tolerant,,NA,,,NA
70,Acer,pensylvanicum,,Deciduous,2.5 to 3,2.7,samaras,Moist,Low,Aceraceae,2,Monoecious/dioecious,Temperate,mid,2,No,,May to June,,,,wind,Oct to Nov,wind,,100,11,Y,Orthodox?,"moist, mechanical",37.3,NA,typical < 60m,,,,,tolerant,,NA,,,PD
71,Acer,rubrum,,Deciduous,1.2 to 2.5,,samaras,Moist,Low,Aceraceae,2,polygamo-dioecious,Temperate,broad,,No,,March to May,,several weeks,,wind,April to June,wind,,150,4,N,Orthodox,,23.68,NA,efficient wind disperser,Y,2,,,tolerant,,NA,3.9,31.8,PD
72,Acer,saccharinum,,Deciduous,3 to 5,,samaras,Moist,High,Aceraceae,2,polygamo-dioecious,Temperate,low,,No,,February to May,,,,wind,April to June,wind,"insects, rodents",100,,N,Recalcitrant,,201.54,NA,,,,sensitive to competitor and water,,intolerant,,NA,,,PD
73,Acer,saccharum,,Deciduous,2 to 3,7 to 10,samaras,"Dry , Moist",Moderate,Aceraceae,2,polygamo-dioecious,Temperate,mid,4.5,No,,late march to April,,several weeks,,wind,Oct to Nov,wind,,300,22,Y,Orthodox,moist cold,55.21,NA,at least 100 meters,Y,,seedling germination needs low temperature,,tolerant,,0.458333333,,,PY
74,Aesculus,glabra,,Deciduous,4 to 5,20 to 35,capsule,Moist,Moderate,Hippocastanaceae,2,polygamo-monoecious,Temperate,low,,No,,March to May,,,,,Sep to Oct,"gravity, water, mammals","mammals, rodents",100,8,,,cold,6700.5,NA,,,,,,tolerant,,NA,,,NA
75,Aesculus,octandra,Aesculus flava,Deciduous,5 to 8,25 to 35,capsule,,Moderate,Hippocastanaceae,2,polygamo-monoecious,Temperate,low to mid,,No,,April to June,,,,,Sep,"gravity, water, mammals",no,,,,Recalcitrant?,cold,12530.91,NA,,,,topography,,tolerant,,NA,3.7,16.2,PD
76,Ailanthus,altissima,,Deciduous,1 to 5,,samaras,,High,Simaroubaceae,2,Dioecious,Temperate,broad,,No,,mid-April to July,,,,insects,Sep to Oct,wind,birds,70,,,Orthodox?,cold,29.25,NA,,N,,,,intolerant,,NA,49.86857143,27.55,PD
77,Alnus,glutinosa,,Deciduous,1.5 to 2.5,1 to 2,strobilus,"Dry , Moist, Wet",Moderate,Betulaceae,2,Monoecious,Temperate,low to mid,2,No,,February to March,,,,,Sep to Oct,"wind, water",mammals,160,,N,Orthodox?,cold,4.96,NA,"small size, not spread more than 30 to 60 in",N,,water,,intolerant,,NA,11.7,11.1,PD
78,Alnus,rubra,,Deciduous,,,,Moist,Low,Betulaceae,2,Monoecious,Temperate,low to mid,10,No,,late winter to early spring,,,,,Nov to Dec,wind,no,60,,,Orthodox,,0.95,NA,,N,,,,intolerant,,NA,,,NA
79,Arbutus,menziesii,,Deciduous,0.8 to 2,2 to 3,berry,"Dry , Moist",Moderate,Ericaceae,2,,,low to mid,2,No,,low elevation: mid-March,high elevation: mid-May,,,insects,mid-Sep to mid-Nov,"gravity, birds, mammals","birds, mammals, rodents",400,3,Y,Orthodox,cold,54.88,NA,"short via gravity, longer when dispersed by animals",N,,,,intermediate,,NA,22.2,15.6,PD
80,Betula,alleghaniensis,,Deciduous,1.5 to 2.5,3 to 4,catkin,"Moist , Wet",Low,Betulaceae,2,Monoecious,Temperate,mid to high,15,No,,spring,,several days,late summer,wind,Oct,wind,,300,40,Y,Orthodox,light,0.98,NA,Up to 400 m by wind,Y,3,"Needs disturbed seedbeds (scarified humus/mineral mix), adequate light (optimal 45每50% sunlight), moist but well-drained soil, pH and nutrient sensitivity",,intermediate,,NA,,,PD
81,Betula,lenta,,Deciduous,1.5 to 4,,catkin,"Dry , Moist",Moderate,Betulaceae,2,Monoecious,Temperate,low to mid,2,No,,April to May,,,late summer,wind,mid-Sep to Nov,wind,,250,40,N,Orthodox,,0.74,NA,,Y,1 to 2,,,intolerant,,NA,,,ND
82,Betula,nigra,,Deciduous,2.5 to 7.5,4,catkin,Moist,Moderate,Betulaceae,2,Monoecious,Temperate,low,,No,,early spring,,,"male catkins form in fall, female catkins appear in early spring",wind,May to June,"wind, water",birds,,,,Orthodox?,,1.24,NA,,N,,requires moist alluvial soil,,intolerant,,NA,,,PD
83,Betula,papyrifera,,Deciduous,2.5 to 7.5,2 to 3,catkin,Moist,Moderate,Betulaceae,2,Monoecious,Temperate,broad,,No,,mid-April to early June,,,"male catkins form in late summer, female catkins form in spring",wind,Sep to Nov,wind,birds,140,15,,Orthodox,,0.32,NA,Most seeds fall within stand; seedfall drops 90% at 100 m (330 ft) from source; effective dispersal <50 m (165 ft),N,,sensitive to moisture stress and competition; high regeneration after scarification or burning,,intolerant,,NA,,,PD
84,Calophyllum,calaba,,Evergreen,,,,,High,Calophyllaceae,2,Polygamous,Tropical,low,,No,,Puerto Rico: spring and summer,Trinidad: Sep to Oct,,,,May or June,"gravity, water, mammals","birds, mammals",,3,Y,,,NA,NA,Primarily short-range; animals assist with longer dispersal,N,,"Germinates best in warm, moist environments",,intermediate,,NA,,,PD
85,Carpinus,caroliniana,,Deciduous,,,,Moist,Moderate,Betulaceae,2,Monoecious,Temperate to subtropical,low to mid,0.3,No,,South: mid-March to early May,North: April to May,,,wind,Aug to Oct,"birds, wind","birds, rodents",150,,Y,,cold and chemical,25.97,NA,"short by wind, but extended via birds",Y,3 to 5,,,tolerant,,0.641666667,,,PD
86,Carya,aquatica,,Deciduous,4 to 6,30 to 50,nut,Wet,,Juglandaceae,2,Monoecious,Subtropical,low,,No,,April to May,,,spring,wind,Oct to Dec,"water, mammals",,,20,Y,,,2771.8,NA,potentially long,N,,,,intermediate,,NA,,,PD
87,Carya,cordiformis,,Deciduous,3 to 5,25 to 40,nut,Moist,Low,Juglandaceae,2,Monoecious,Temperate to subtropical,low to mid,,No,,April to May,,,,wind,Sep to Oct,gravity,no,200,30,Y,,cold,2797.56,NA,,Y,3 to 5,,,intolerant,,NA,27,,ND
88,Carya,glabra,,Deciduous,2.5 to 7.5,,nut,Dry,High,Juglandaceae,2,Monoecious,Temperate to subtropical,low to mid,,No,,mid-March to early June,,,,wind,Sep to Dec,"gravity, rodents",rodents,300,30,Y,,cold,3502.19,NA,,Y,1 to 2,frost severly impact seed yield,,intermediate,,NA,,,PD
89,Carya,illinoensis,Carya illinoinensis,Deciduous,2.6 to 6,40,nut,Moist,High,Juglandaceae,2,Monoecious,Temperate to subtropical,low,,No,,April to May,,,late summer,wind,Sep to Dec,"water, mammals",rodents,300,20,Y,,cold,NA,NA,,Y,1 to 3,,,intolerant,,NA,,,PD
90,Carya,laciniosa,,Deciduous,4.5 to 7,50,nut,"Moist , Wet",Low,Juglandaceae,2,Monoecious,Temperate,low to mid,,No,,April to June,,,,wind,Sep to Nov,"gravity, rodents, birds",rodents,,40,Y,Orthodox,cold,15141.07,NA,,Y,2,,,tolerant,,NA,,,PD
91,Carya,myristiciformis,,Deciduous,2.5 to 7.62,30,nut,Moist,High,Juglandaceae,2,Monoecious,subtropical,low,,No,,April to May,,,,wind,Sep to Dec,"gravity, water, mammals",rodents,,30,Y,,,NA,NA,squirrels aids establishment,Y,2 to 3,,,tolerant,,NA,,,PD
92,Carya,ovata,,Deciduous,3.8 to 6,30 to 50,nut,"Dry , Moist",Moderate,Juglandaceae,2,Monoecious,Temperate,low to mid,,No,,South: late March,North: early June,,,wind,Sep to Dec,"gravity, rodents",insects,300,40,Y,Orthodox p,moist cold,4401.2,NA,,Y,1 to 3,,,intermediate,,NA,70.2,,NA
93,Carya,tomentosa,,Deciduous,2.5 to 9,,nut,Moist,Moderate,Juglandaceae,2,Monoecious,Temperate,low to mid,,No,,April to May,,,,wind,Sep to Dec,"gravity, rodents, birds",insects,300,25,Y,,cold,5559.92,NA,,Y,2 to 3,requires moderately moist seedbed,,intolerant,,NA,,,PD
94,Castanopsis,chrysophylla,,Evergreen,3 to 5,10,nut,Moist,,Fagaceae,2,Monoecious,Temperate,low to mid,,No,,mid-June to mid-July,,,,"wind, insects",late Sep,"gravity, rodents, birds",insects,500,,,Orthodox p,,470.04,NA,,Y,2 to 5,,,intermediate,,NA,,,PD
95,Cecropia,peltata,,Evergreen,10 to 15,1.9 to 2,multiple fruit,Moist,Moderate,Moraceae,2,Dioecious,Tropical,low to mid,2,No,,year-round,,,,,Jan to March,"birds, mammals","birds, mammals",30,4,,Orthodox,,0.58,NA,,,,,,intolerant,,NA,,,PD
96,Cedrela,odorata,,Deciduous,2.5 to 4,20 to 25,capsule,,,Meliaceae,2,Monoecious,Tropical,low to mid,1.2,No,,"Mexico, northern South America: May to Aug",Argentina: Sep to Oct,,,,,wind,,,,N,Orthodox,,17.02,NA,,N,,,,intolerant,,0.136666667,21.4,25,NA
97,Celtis,laevigata,,Deciduous,0.6-1.3,,drupe,Dry,Moderate,Ulmaceae,2,Polygamo-monoecious,Temperate,low to mid,,,,mid-March to May,,,,,Jan,"water, birds",birds,150,15,,Orthodox?,,75.71,NA,,N,,late spring frosts kill flowers,,tolerant,,NA,,,PD
98,Celtis,occidentalis,,Deciduous,0.6-1.1,6,,"Dry , Moist",High,Ulmaceae,2,Polygamo-monoecious,Temperate,low to mid,5.5,,,south: early April,North: late May,,,,Dec to March,"birds, mammals","birds, mammals",200,,,Orthodox,,126.44,NA,,N,,,,intermediate,,0.458333333,10.4,11.2,PD
99,Cercis,canadensis,,Deciduous,5 to 10,6,capsule,Moist,High,Leguminosae,2,Monoecious,Temperate,low to mid,13,,,March to May,,,,insects,Oct to Dec,"wind, mammals","insects, mammals",75,,Y,Orthodox,mechanical and cold,24.6,NA,,,,winterchiling enhances flowering,,tolerant,,NA,8.25,25.2,NA
100,Cordia,alliodora,,Evergreen,0.5 to 0.7,6,capsule,,,Boraginaceae,2,Dioecious,Tropical,low to mid,0.5,No,,year-round,,,,"wind, insects",April to May,wind,"birds, rodents",,5,,Orthodox,,30.77,NA,,,,,,intolerant,,NA,,,NA
101,Cornus,florida,,Deciduous,1 to 1.5,7 to 9,drupe,"Dry , Moist",Moderate,Cornaceae,2,Monoecious,Temperate,low to mid,,,,South: mid-March,North: late May,,,,,"birds, mammals","birds, mammals",125,6,,Orthodox,,101.87,NA,,N,,,,tolerant,,0.466666667,,,PD
102,Dacryodes,excelsa,,Evergreen,1.9,,drupe,,,Burseraceae,2,Dioecious,Tropical,low to mid,0.1,,,May and Dec,,,,,Oct to Dec,,"birds, mammals",400,,N,,,0.58,NA,,,,,,intermediate,,NA,,,NA
103,Didymopanax,morototoni,,Deciduous,0.4 to 0.9,4.7 to 5,drupe,,,Araliaceae,2,Monoecious,Tropical,low to mid,,,,Oct to Dec,,,,insects,,birds,birds,,10,,,,14,NA,,N,,,,intolerant,,NA,,,NA
104,Diospyros,virginiana,,Deciduous,2 to 5,13 to 15,berry,"Dry , Moist",High,Ebenaceae,2,Dioecious,Temperate,low to mid,,,,Nov to Apr,,,,,,"birds, mammals",insects,80,4 to 5,,,,364.57,NA,,N,,,,tolerant,,NA,2.6,10,NA
105,Eucalyptus,globulus,,Evergreen,2 to 2.5,2,capsule,,,Myrtaceae,2,,Temperate,low to mid,,,,mid-Aug to late Sep,,,,,,wind,,400,,,Orthodox,,37.36,NA,,Y,3 to 5,,,intolerant,,NA,,,PD
106,Eucalyptus,grandis,,Evergreen,0.4 to 1,1 to 1.7,capsule,,,Myrtaceae,2,,Tropical to subtropical,low,,,,mid-Aug to late Sep,,,,insects,Feb to March,,,,,,Orthodox,,1.18,NA,,N,,,,intolerant,,NA,,,PD
107,Eucalyptus,robusta,,Evergreen,1 to 1.8,1 to 2,capsule,,,Myrtaceae,2,,Tropical to subtropical,low,,,,Tropical: year-round,California: Jan to March,,,insects,,wind,,>200,,,Orthodox,,3.15,NA,,N,,,,intolerant,,NA,,,ND
108,Eucalyptus,saligna,,Evergreen,0.4 to 0.9,1.3,capsule,,,Myrtaceae,2,,Subtropical,low to mid,,,,Hawaii: Jan to Mar,California: April to June,,,insects,,wind,,200,3 to 4,,Orthodox,,0.79,NA,,,,,,intolerant,,NA,,,ND
109,Fagus,grandifolia,,Deciduous,2,10 to 20,bur,Moist,Moderate,Fagaceae,2,Monoecious,Temperate,low to mid,,,,late April to early May,,,,,,"rodents, birds","birds, rodents",400,40,,Orthodox?,,265.74,NA,fall near parent tree,Y,2 to 8,,,tolerant,,NA,,,ND
110,Fraxinus,americana,,Deciduous,2.5 to 4.4,,,"Dry , Moist",Moderate,Oleaceae,2,Dioecious,Temperate,low to mid,,,,April and May,,,,wind,,wind,birds,250,20,Y,Orthodox,moist,37.3,NA,fall within 140m of parent tree,N,,,,intolerant,,NA,33.4,25.2,ND
111,Fraxinus,latifolia,,Deciduous,3 to 5,,samaras,"Moist , Wet",Low,Oleaceae,2,Dioecious,Temperate,low,,,,April ot May,,,,,Sep to Oct,wind,"birds, rodents",250,30,Y,,cold,40.96,NA,,Y,3 to 5,,,intermediate,,NA,,,ND
112,Fraxinus,nigra,,Deciduous,2.5 to 5,,samaras,"Moist , Wet",Low,Oleaceae,2,Polygamous,Temperate,low to mid,,,,May or June,,,,,July to Oct,wind,"birds, mammals",150,,Y,Orthodox,warm and cold,55.28,NA,,,,,,intolerant,,NA,,,PD
113,Fraxinus,pennsylvanica,,Deciduous,2.5 to 7.5,,samaras,"Dry , Moist , Wet",High,Oleaceae,2,Dioecious,Temperate,low to mid,,,,Florida: March or April,North: late April to early May,,,,Oct,"wind, water","birds, mammals",250,,Y,Orthodox,cold,32.82,NA,,,,,,tolerant,,NA,,,NA
114,Fraxinus,profunda,,Deciduous,5 to 8,,samaras,"Moist , Wet",Low,Oleaceae,2,Dioecious,Temperate,low,0.5,,,April to May,,,,,Oct to Dec,"wind, water",birds,,10,,,,142.32,NA,,,,,,intermediate,,NA,,,PD
115,Gleditsia,triacanthos,,Deciduous,7 to 45,8,capsule,Moist,High,Leguminosae,2,Polygamo-dioecious,Temperate,low to mid,,,,late spring,,,,,Nov,animals,mammals,125,10,,Orthodox,,168.58,NA,,N,,,,intolerant,,NA,2.7275,22.15,PYPD
116,Gordonia,lasianthus,,Evergreen,1.5 to 2,1.5,capsule,Moist,Low,Theaceae,2,,Temperate to subtropical,low,1.59,,,June to mid-Aug,,,,insects,late Dec,wind,,100,,,Orthodox,,3.51,NA,,,,,,tolerant,,NA,,,ND
117,Grevillea,robusta,,Evergreen,1.5 to 2,10 to 13,,"Dry, Moist",Moderate,Proteaceae,2,Monoecious,Tropical to subtropical,low to mid,2,,,March through Oct,,,,,Nov,wind,,100,10,,Orthodox,,20.1,NA,,N,,,,intolerant,,NA,,,PD
118,Halesia,carolina,,Deciduous,2.4 to 5,13 to 16,drupe,Moist,Moderate,Styracaceae,2,Dioecious,Temperate,low to mid,,,,March to May,,,,,Dec,,rodents,100,,Y,Orthodox,warm and cold,281.52,NA,,N,,,,tolerant,,NA,,,PD
119,Ilex,opaca,,Evergreen,0.6 to 1.3,,,"Dry , Wet",Moderate,Aquifoliaceae,2,Dioecious,Temperate,low to mid,,,,South: April,North: June,,,insects,Dec,"birds, mammals",,100,,Y,Orthodox?,cold,17.2,NA,,N,,,,tolerant,,1.5,,,ND
120,Juglans,cinerea,,Deciduous,3 to 6,,,Moist,Low,Juglandaceae,2,Monoecious,Temperate,low to mid,5,,,April toJune,,,,,Sep to Oct,"gravity, rodents","insects, rodents",100,20,Y,Orthodox?,cold,14026.39,NA,,Y,2 to 3,,,intolerant,,NA,,,MPD
121,Juglans,nigra,,Deciduous,4 to 7,30 to 40,,Moist,Low,Juglandaceae,2,Monoecious,Temperate,low to mid,5,,,South: mid-April,North: early June,,,,Sep to Oct,"gravity, rodents, mammals",rodents,250,4,Y,Orthodox?,cold,11302.54,NA,,Y,,,,intolerant,,NA,55.8,,PD
122,Liquidambar,styraciflua,,Deciduous,2.5 to 3.8,6,capsule,Moist,Low,Hamamelidaceae,2,Monoecious,Tropical to subtropical,low to mid,10,,,March to early May,,,,,Sep to Nov,wind,"birds, rodents",300,20,,Orthodox,,5.01,NA,fall within 61m of the parent tree,N,,,,intolerant,,0.6,,,ND
123,Liriodendron,tulipifera,,Deciduous,2.5 to 3.5,,samaras,Moist,Moderate,Magnoliaceae,2,Monoecious,Temperate,low to mid,7,No,,April to June,,2-6 weeks,,insects,early Nov,wind,"birds, rodents",450,,,Orthodox,,57.18,NA,4-5 times the height of the tree,N,,,,intolerant,,NA,,,ND
124,Lithocarpus,densiflorus,Notholithocarpus densiflorus,Evergreen,2 to 3.5,,nut,,,Fagaceae,2,Monoecious,Temperate,low to mid,,,,June to Aug,,,,,late Sep to mid-Nov,"birds, rodents","birds, mammals, rodents",350,,,Recalcitrant?,,5929.5,NA,,N,,,,tolerant,,NA,,,ND
125,Maclura,pomifera,,Deciduous,8 to 15,10,,"Dry , Moist",High,Moraceae,2,Dioecious,Temperate,low to mid,3,,,April through June,,,,,Sep to Oct,"birds, mammals",no,150,10,Y,Orthodox,mechanical,31.78,NA,,N,,,,intolerant,,NA,44.5,38.2,ND
126,Magnolia,acuminata,,Deciduous,6 to 8,13,,"Moist , Wet",Low,Magnoliaceae,2,Monoecious,Temperate,mid to high,,,,April to early July,,2-4 days,,insects,,"gravity, wind, water, birds","birds, rodents",250,30,,,,88.51,NA,,Y,4 to 5,,,intermediate,,NA,,,PD
127,Magnolia,fraseri,,Deciduous,6.5 to 12,7 to 10,,Moist,Low,Magnoliaceae,2,Monoecious,Temperate,mid to high,,,,May to June,,,,,,"mammals, birds",,,,,Orthodox,,99.84,NA,,Y,4 to 5,,,intermediate,,NA,,,PD
128,Magnolia,grandiflora,,Evergreen,7.5 to 15,6 to 13,,"Dry , Moist",Moderate,Magnoliaceae,2,Monoecious,Temperate to subtropical,low,0.5,,,April to June,,,,,Nov,"birds, mammals",mammals,120,10,,Orthodox,,72.93,NA,,N,,,,tolerant,,2,49.45,8.8,PD
129,Magnolia,virginiana,,Evergreen,3 to 5,6 to 13,,Moist,Low,Magnoliaceae,2,Monoecious,Temperate to subtropical,low,,,,April to July,,several weeks,,insects,Oct,"wind, water, birds","birds, rodents",130,,Y,Orthodox,,62.3,NA,,N,,,,intermediate,,NA,,,MPD
130,Manilkara,bidentata,,Evergreen,2.5 to 5,9 to 26,berry,,Low,Sapotaceae,2,Monoecious,Tropical,low to mid,,,,Puerto Rico: May through late Aug,Trinidad: Jan to Feb,,,,,"birds, mammals",mammals,400,,,,,1500,NA,,Y,3 to 4,,,tolerant,,1.744281046,,,PD
131,Melaleuca,quinquenervia,,Evergreen,0.25 to 0.4,0.6 to 1.2,,Moist,Low,Myrtaceae,2,Monoecious,Tropical to subtropical,low,,Yes,,year-round,,,,insects,Jan to Dec,"gravity, water","birds, rodents",,,,Orthodox?,,0.26,NA,"released by fire, frost or damage, falls within a radius of 15 timmes the tree height",N,,,,intolerant,,NA,,,NA
132,Metrosideros,polymorpha,,Evergreen,0.3 to 1,0.5 to 4.5,capsule,,,Myrtaceae,2,,Tropical,broad,0.75,,,anytime,,,,"bird, insects",,,,,,,Orthodox,,0.04,NA,,N,,,,intermediate,,NA,,,PY
133,Morus,rubra,,Deciduous,2 to 3,,,"Dry , Moist",Moderate,Moraceae,2,Dioecious,Temperate,low to mid,,,,April to May,,,,,,"birds, mammals",mammals,125,4,,Orthodox,,1.48,NA,,Y,2 to 3,,,tolerant,,NA,37.6,25.6,NA
134,Nyssa,aquatica,,Deciduous,1 to 4,,,Wet,Low,Cornaceae,2,Polygamo-dioecious,Temperate to subtropical,low,1.2,,,March to April,,,,wind,Sep to Dec,water,,,30,,Orthodox,cold,694.75,NA,,N,,,,intolerant,,NA,,,ND
135,Nyssa,ogeche,,Deciduous,3 to 4,,,Moist,Low,Cornaceae,2,Polygamo-dioecious,Temperate to subtropical,low,,,,late March to late May,,,,insects,,"gravity, water, birds, mammals",water,,3,,Orthodox?,,337.77,NA,,N,,,,intolerant,,NA,8.15,5.6,PD
136,Nyssa,sylvatica var. biflora,Nyssa biflora,Deciduous,,,,,,Cornaceae,2,Polygamo-dioecious,Temperate,low,,,,April to June,,,,,Sep to Nov,"gravity, birds, mammals",birds,,,,Orthodox?,,192.44,NA,,N,,,,tolerant,,NA,,,MPD
137,Ostrya,virginiana,,Deciduous,1 to 1.8,,,"Dry , Moist",High,Betulaceae,2,Monoecious,Temperate,low to mid,,,,Southeast: late March to mid-April,North: mid-May to mid-June,,,wind,Oct to Dec,"wind, birds",birds,150,25,,Orthodox?,,15.41,NA,,,,,,tolerant,,NA,,,MPD
138,Oxydendrum,arboreum,,Deciduous,0.5 to 1.3,,,Moist,Moderate,Ericaceae,2,Monoecious,Temperate,mid,,,,late June to Aug,,,,insects,Dec to Jan,wind,,200,,,Orthodox?,,0.17,NA,,,,,,tolerant,,NA,,,PD
139,Paulownia,tomentosa,,Deciduous,2.5 to 5.1,1.5 to 3,,Moist,Moderate,Scrophulariaceae,2,Monoecious,Temperate,low to mid,3,,,April to May,,,,,Dec to March,wind,,70,8,N,Orthodox,,0.23,NA,,,,,,intolerant,,NA,47.7,28.8,PD
140,Persea,borbonia,Tamala borbonia,Evergreen,0.7 to 1,0.5 to 1,drupe,Moist,Moderate,Lauraceae,2,Monoecious,Temperate to subtropical,low to mid,,,,spring,,,,insects and wind,,"birds, mammals",mammals,,,,,,NA,NA,,N,,,,tolerant,,NA,,,ND
141,Pithecellobium,saman,Samanea saman,Deciduous,10 to 22,8 to 11.5,,,High,Leguminosae,2,Monoecious,Tropical,low,,,,April to Aug,,,,insects,Dec to April,"rodents, birds",birds,,,N,,mechanical,164.94,NA,,,,,,intolerant,,NA,,,PD
142,Platanus,occidentalis,,Deciduous,2.5 to 3.5,9,,Moist,Low,Platanaceae,2,Monoecious,Temperate,low,10,,,South: late March,North: May,,,,Feb to May,"wind, water, birds","birds, rodents",600,25,,Orthodox,,2.85,NA,,N,,,,intermediate,,NA,6.3,11.6,PD
143,Populus,balsamifera,,Deciduous,0.5 to 0.8,2,capsule,Moist,Low,Salicaceae,2,Dioecious,Temperate to boreal,mid to high,0.1,,,April to May,,,,wind,May to June,"wind, water",no,200,8,N,Orthodox,,0.24,NA,,N,,,,intolerant,,0.3,,,MPD
144,Populus,deltoides var occidentalis,Populus deltoides subsp. Monilifera,Deciduous,0.8 to 1.2,4,capsule,,,Salicaceae,2,Dioecious,Temperate,low,,,,Feb to April,,,,wind,April to June,"wind, water",no,200,4,,,,0.08,NA,,N,,,,intolerant,,NA,,,ND
145,Populus,grandidentata,,Deciduous,0.5 to 0.8,1,capsule,Moist,,Salicaceae,2,Dioecious,Temperate,low to mid,3,,,southern Ontario and southeastern Michigan: late April,northern Michigan and northern Minnesota: early to mid-May,,,wind,May,wind,no,100,10,N,Orthodox,,0.13,NA,,Y,2 to 3,,,intolerant,,NA,,,PD
146,Populus,heterophylla,,Deciduous,0.8 to 1.4,,capsule,Moist,Low,Salicaceae,2,Dioecious,Temperate,low,0.05,,,March to May,,,,wind,April to July,"wind, water",no,100,10,N,Orthodox,,3,NA,,N,,,,intolerant,,NA,,,MPD
147,Populus,tremuloides,,Deciduous,0.5 to 0.7,1 to 2,capsule,"Dry , Moist , Wet",High,Salicaceae,2,Dioecious,Temperate to boreal,mid to high,0.1,,,New England: mid-March to April,central Rockies: May to June,,,wind,May to June,"wind, water",no,200,2,N,Orthodox,,0.12,NA,,Y,4 to 5,,,intolerant,,NA,,,NA
148,Populus,trichocarpa,Populus tristis,Deciduous,0.5 to 0.8,2,capsule,,,Salicaceae,2,Dioecious,Temperate,low to mid,0.1,,,Washington: early march to late May,"British Columbia, Montana: mid-June",,,,late May to mid-July,"wind, water",no,200,10,,,,NA,NA,,N,,,,intolerant,,NA,,,MPD
149,Prosopis,pallida,Neltuma pallida,Deciduous,7 to 25,4 to 7,,,,Leguminosae,2,Monoecious,Tropical,low,0.75,,,Jan to March and Sep to Oct,,,,insects,April and July,animals,insects,,3,Y,,mechanical,38.69,NA,,,,,,intolerant,,NA,,,MPD
150,Prunus,pensylvanica,,Deciduous,0.4 to 0.8,4 to 6,,Dry,High,Rosaceae,2,Monoecious,Temperate,mid to high,150,,,Late March to early July,,,,insects,July to Sep,"gravity, birds, mammals",,40,,,,,43.46,NA,,Y,3 to 4,,,intolerant,,NA,,,PD
151,Prunus,serotina,,Deciduous,0.7 to 1,,,"Dry , Moist",Moderate,Rosaceae,2,Monoecious,Temperate,low to mid,8,Yes,,South: late March,North: early June,,,insects,mid-Aug to mid-Sep,"gravity, birds, mammals",,250,10,,Orthodox,,83.9,NA,,Y,1 to 5,,,intolerant,,0.458333333,,,ND
152,Quercus,alba,,Deciduous,1.2 to 2.5,1.2 to 2.5,nut,"Dry , Moist",Moderate,Fagaceae,2,Monoecious,Temperate,low to mid,,No,,spring,,,,,Sep to Oct,"gravity, wind, rodents","insects, mammals, rodents",500,20,N,Recalcitrant,,2996.81,NA,,Y,4 to 10,,,intermediate,,NA,,,ND
153,Quercus,bicolor,,Deciduous,2 to 3,2 to 3,nut,Moist,,Fagaceae,2,Monoecious,Temperate,low to mid,,No,,May to June,,,,,Sep to Oct,"gravity, water, rodents","birds, mammals, rodents",350,20,N,Recalcitrant?,,3459.14,NA,,Y,3 to 5,,,intermediate,,NA,,,PD
154,Quercus,chrysolepis,,Evergreen,2 to 5,2 to 5,nut,Moist,High,Fagaceae,2,Monoecious,Temperate,mid to high,,No,,May to June,,,,wind,Oct,"mammals, birds",,300,15,,Recalcitrant?,,3220.26,NA,,Y,2 to 4,,,tolerant,,NA,,,NA
155,Quercus,coccinea,,Deciduous,1.3 to 2.5,1.3 to 2.5,nut,Moist,Moderate,Fagaceae,2,Monoecious,Temperate,low to mid,,,,April or May,,,,,,"rodents, birds",insects,200,20,,Recalcitrant?,,1931.37,NA,,Y,4,,,intolerant,,NA,,,NA
156,Quercus,douglasii,,Deciduous,2.5 to 4,2.5 to 4,nut,Dry,High,Fagaceae,2,Monoecious,Temperate,low to mid,,,,late March to mid-May,,,,,mid-Sep to Oct,"bird, rodents, mammals","birds, insects, rodents",300,,,Recalcitrant?,,4540.46,NA,,Y,2 to 3,,,intolerant,,NA,,,NA
157,Quercus,falcata var. falcata,,Deciduous,0.9 to 1.6,0.9 to 1.6,nut,,,Fagaceae,2,Monoecious,Temperate,low,,,,April to May,,,,,Sep to Oct,"gravity, rodents",rodents,150,25,Y,,cold,840.99,NA,,,,,,intermediate,,NA,,,PD
158,Quercus,falcata var. pagodifolia,,Deciduous,,,nut,,,Fagaceae,2,Monoecious,Temperate,low,,,,April to May,,,,,Sep to Oct,"gravity, rodents",rodents,150,25,,Recalcitrant,,783.03,NA,,Y,,,,intermediate,,NA,,,NA
159,Quercus,garryana,,Deciduous,2.5 to 3,2.5 to 3,nut,"Dry , Moist",High,Fagaceae,2,Monoecious,Temperate,low to mid,,,,March to June,,1 week,,,late Aug to Nov,"gravity, rodents, birds","birds, rodents",500,,N,Recalcitrant?,,4369.36,NA,,Y,,,,intermediate,,NA,,,PD
160,Quercus,kelloggii,,Deciduous,2.5 to 3.5,2.5 to 3.5,nut,Moist,High,Fagaceae,2,Monoecious,Temperate,mid to high,,,,mid-March to mid-May,,,,,,,"birds, mammals, rodents",500,30,Y,Recalcitrant?,,4779.8,NA,,Y,2 to 3,,,intolerant,,NA,,,PD
161,Quercus,laevis,,Deciduous,2.5,2.5,nut,Dry,High,Fagaceae,2,Monoecious,Temperate,low,,,,April or late spring,,,,,,"rodents, mammals","mammals, rodents",,,,Recalcitrant?,,1149.66,NA,,,,,,intolerant,,NA,,,ND
162,Quercus,laurifolia,,Deciduous,1.3 to 1.6,1.3 to 1.6,nut,Moist,Moderate,Fagaceae,2,Monoecious,Temperate,low,,,,Feb to March,,,,wind,Sep to Oct,"gravity, rodents",rodents,70,15,,Recalcitrant?,,810.99,NA,,Y,3 to 4,,,tolerant,,0.633223684,,,ND
163,Quercus,lyrata,,Deciduous,1.3 to 2.5,1.3 to 2.5,nut,Wet,,Fagaceae,2,Monoecious,Temperate,low,,,,April to May,,,,,Sep to Oct,"water, rodents, birds",rodents,400,25,Y,Recalcitrant?,cold,3243.47,NA,,Y,2 to 3,,,intermediate,,NA,,,ND
164,Quercus,macrocarpa,,Deciduous,2.5 to 5,2.5 to 5,nut,"Dry , Moist , Wet",High,Fagaceae,2,Monoecious,Temperate,low to mid,,,,south: early April,North: mid-June,,,,Aug to Nov,"gravity, wind, rodents",rodents,300,35,Y,Recalcitrant?,,6144.8,NA,,Y,3 to 5,,,intermediate,,NA,,,NA
165,Quercus,michauxii,,Deciduous,1.9 to 3.2,1.9 to 3.2,nut,Moist,,Fagaceae,2,Monoecious,Temperate,low,,,,April to May,,,,,Sep to Oct,"animals, rodents","mammals, rodents",200,20,,Recalcitrant?,,5339.96,NA,,Y,,,,intolerant,,0.685307018,,,ND
166,Quercus,muehlenbergii,,Deciduous,1.3 to 2.5,1.3 to 2.5,nut,Dry,High,Fagaceae,2,Monoecious,Temperate,low to mid,,,,April to late May or early June,,,,,Sep to Oct,"gravity, birds, rodents","birds, rodents",250,,,Recalcitrant?,,1192.16,NA,,Y,,,,intolerant,,NA,,,NA
167,Quercus,nigra,,Deciduous,1 to 1.5,1 to 1.5,nut,Wet,Low,Fagaceae,2,Monoecious,Temperate,low,,,,,,,,,Sep,"water, mammals",mammals,50,20,Y,Recalcitrant,moist,1138.91,NA,,Y,,,,intolerant,,0.718201754,,,ND
168,Quercus,nuttallii,Quercus texana,Deciduous,1.9 to 3.8,1.9 to 3.8,nut,,,Fagaceae,2,Monoecious,Temperate to subtropical,low,,,,March to April,,,,wind,Sep to Feb,"water, rodents, birds",rodents,,20,Y,,cold,4774.65,NA,,Y,3 to 4,,,intolerant,,NA,,,NA
169,Quercus,palustris,,Deciduous,0.9 to 1.6,0.9 to 1.6,nut,"Moist , Wet",Low,Fagaceae,2,Monoecious,Temperate,low,,,,spring,,,,wind,Sep to early Dec,"rodents, birds","birds, rodents",150,20,Y,Recalcitrant,cold,1087.15,NA,,Y,3 to 4,,,intolerant,,NA,,,NA
170,Quercus,phellos,,Deciduous,1 to 1.5,1 to 1.5,nut,Moist,High,Fagaceae,2,Monoecious,Temperate,low,,,,Feb to May,,,,,Aug to Oct,"water, mammals","mammals, rodents",150,20,Y,Recalcitrant?,cold,893.36,NA,,N,,,,intolerant,,NA,,,PD
171,Quercus,prinus,Quercus michauxii,Deciduous,2.5 to 3.8,2.5 to 3.8,nut,,High,Fagaceae,2,Monoecious,Temperate,mid,,,,spring,,,,wind,early Sep to early Oct,,"birds, mammals, rodents",400,20,,,,NA,NA,,N,,,,intermediate,,NA,,,PD
172,Quercus,rubra,,Deciduous,2 to 3,2 to 3,nut,"Dry , Moist",High,Fagaceae,2,Monoecious,Temperate,low to mid,,,,April or May,,,,,Aug to Oct,"gravity, rodents",,400,25,,Recalcitrant,,3143.26,NA,,Y,2 to 5,,,intermediate,,NA,,,PD
173,Quercus,shumardii,,Deciduous,1.4 to 3,1.4 to 3,nut,"Dry , Moist",High,Fagaceae,2,Monoecious,Temperate,low,,,,March or April,,,,,Sep to Oct,"mammals, birds","birds, mammals, rodents",,25,,Recalcitrant?,,4540.46,NA,,Y,2 to 3,,,intolerant,,0.690789474,,,PD
174,Quercus,stellata,,Deciduous,1.3 to 2.5,1.3 to 2.5,nut,"Dry , Moist",High,Fagaceae,2,Monoecious,Temperate,low to mid,,,,South: March,North: May,,,,Sep to Nov,rodents,"birds, mammals, rodents",450,25,N,,,1194.83,NA,,Y,2 to 3,,,intolerant,,0.657894737,,,NA
175,Quercus,velutina,,Deciduous,1.2 to 2.5,1.2 to 2.5,nut,Dry,High,Fagaceae,2,Monoecious,Temperate,low to mid,,,,April or May,,,,,Aug to Oct,"gravity, rodents, birds, mammals","birds, insects, mammals",200,20,,Recalcitrant,,1852.46,NA,,Y,2 to 3,,,intermediate,,NA,,,PD
176,Quercus,virginiana,,Evergreen,1.2 to 2.5,1.2 to 2.5,nut,Moist,Moderate,Fagaceae,2,Monoecious,Temperate to subtropical,low,1,,,March to May,,,,,Dec,"gravity, mammals","birds, mammals",300,,,Recalcitrant?,,1238.87,NA,,N,,,,intermediate,,NA,,,PD
177,Robinia,pseudoacacia,,Deciduous,52900/kg,,,"Dry , Moist",High,Leguminosae,2,Monoecious,Temperate,low to mid,50,,,May or June,,,,insects,Sep to April,,"birds, rodents",100,6,Y,Orthodox,mechanical,19.25,NA,,,,,,intolerant,,NA,10.8,43.2,ND
178,Sabal,palmetto,,Evergreen,,,,"Dry , Moist",High,Palmae,2,Monoecious,Tropical to subtropical,low,2.7,,,south florida: april to aug,North Carolina: mid-July,4-6 weeks,,insects,,"water, mammals",insects,,,,Orthodox,,313.95,NA,,,,,,tolerant,,NA,,,NA
179,Salix,nigra,,Deciduous,,,,"Moist , Wet",Low,Salicaceae,2,Dioecious,Temperate,low,,,,,,,,"wind, insects",,"wind, water",,100,10,,,,0.06,NA,,N,,,,intolerant,,NA,,,NA
180,Sassafras,albidum,,Deciduous,,,,Moist,High,Lauraceae,2,Dioecious,Temperate,low to mid,,,,March to April,,,,,Aug to Sep,"water, mammals, birds",,,10,Y,Orthodox?,cold,78.53,NA,,Y,1 to 2,,,intolerant,,NA,,,ND
181,Tabebuia,heterophylla,,Deciduous,70000/kg,,,,High,Bignoniaceae,2,,Tropical,low,0.5,,,Spring,,,,,July to Sep,wind,,,,N,Orthodox?,,8.92,NA,,,,,,intolerant,,NA,,,NA
182,Tilia,americana,,Deciduous,,,,"Dry , Moist",Moderate,Tiliaceae,2,Monoecious,Temperate,low to mid,3,,,June,,,,insects,Sep to Oct,"gravity, wind, mammals",rodents,200,15,Y,Orthodox,,108.14,NA,,,,,,tolerant,,NA,,,NA
183,Tilia,heterophylla,,Deciduous,,,,,,Tiliaceae,2,,Temperate,low to mid,,,,late June to early July,,,,insects,Dec to March,wind,,,,Y,,,NA,NA,,,,,,tolerant,,NA,,,NA
184,Ulmus,alata,,Deciduous,,,,Dry,High,Ulmaceae,2,,Temperate,low to mid,,,,March to April,,,,,April,"wind, water","birds, mammals",100,,,Orthodox?,,4,NA,,,,,,intolerant,,NA,,,PD
185,Ulmus,americana,,Deciduous,2,3.5 to 4.5,,Moist,High,Ulmaceae,2,Monoecious,Temperate,low,15,,,spring,,,,wind,mid-March or mid-June,wind,mammals,400,15,,Orthodox,,5.04,NA,,N,,,,intermediate,,NA,25.6,,PD
186,Ulmus,crassifolia,,Deciduous,0.6 to 1.3,,,Moist,High,Ulmaceae,2,,Temperate,low to mid,,,,Aug to Sep,,,,,Sep to Oct,wind,birds,100,,Y,Orthodox?,cold,6.27,NA,,,,,,intermediate,,NA,,,NA
187,Ulmus,rubra,,Deciduous,1.2 to 1.8,,,Moist,High,Ulmaceae,2,Monoecious,Temperate,low to mid,,,,Feb to May,,,,,April to June,"gravity, wind","birds, mammals",200,15,Y,Orthodox?,,9.98,NA,,Y,2 to 4,,,tolerant,,NA,,,NA
188,Ulmus,serotina,,Deciduous,1 to 1.3,,,Moist,Moderate,Ulmaceae,2,,Temperate,low to mid,,,,Sep,,,,wind,late Oct to early Nov,"gravity, wind","birds, mammals",,,Y,Orthodox?,cold,3.01,NA,,Y,2 to 3,,,tolerant,,NA,,,PD
189,Ulmus,thomasii,,Deciduous,1 to 1.5,,samara,"Dry , Moist",,Ulmaceae,2,,Temperate,low to mid,,,,March to May,,,,wind,May to June,"wind, water, mammals","birds, mammals, rodents",300,20,,Orthodox?,,60.5,NA,,Y,3 to 4,,,tolerant,,NA,,,PD
190,Umbellularia,californica,,Evergreen,1 to 2.5,15,,Moist,High,Lauraceae,2,Monoecious,Temperate,low to mid,,,,,,,,insects,,"gravity, wind, water, mammals","birds, rodents",200,30 to 40,Y,,,1801.29,NA,,N,,,,tolerant,,NA,,,PD
,,,,,,,,,,,,,,,,,,,,,,,,,,,,,,,,,,,,,,,,,,,PD
,,,,,,,,,,,,,,,,,,,,,,,,,,,,,,,,,,,,,,,,,,,PD
,,,,,,,,,,,,,,,,,,,,,,,,,,,,,,,,,,,,,,,,,,,PD
,,,,,,,,,,,,,,,,,,,,,,,,,,,,,,,,,,,,,,,,,,,PD
,,,,,,,,,,,,,,,,,,,,,,,,,,,,,,,,,,,,,,,,,,,NA
,,,,,,,,,,,,,,,,,,,,,,,,,,,,,,,,,,,,,,,,,,,PD
,,,,,,,,,,,,,,,,,,,,,,,,,,,,,,,,,,,,,,,,,,,NA
,,,,,,,,,,,,,,,,,,,,,,,,,,,,,,,,,,,,,,,,,,,PY
,,,,,,,,,,,,,,,,,,,,,,,,,,,,,,,,,,,,,,,,,,,MD
,,,,,,,,,,,,,,,,,,,,,,,,,,,,,,,,,,,,,,,,,,,MPD
,,,,,,,,,,,,,,,,,,,,,,,,,,,,,,,,,,,,,,,,,,,ND
,,,,,,,,,,,,,,,,,,,,,,,,,,,,,,,,,,,,,,,,,,,PD
,,,,,,,,,,,,,,,,,,,,,,,,,,,,,,,,,,,,,,,,,,,ND
,,,,,,,,,,,,,,,,,,,,,,,,,,,,,,,,,,,,,,,,,,,PYPD
,,,,,,,,,,,,,,,,,,,,,,,,,,,,,,,,,,,,,,,,,,,NA
,,,,,,,,,,,,,,,,,,,,,,,,,,,,,,,,,,,,,,,,,,,NA
,,,,,,,,,,,,,,,,,,,,,,,,,,,,,,,,,,,,,,,,,,,ND
,,,,,,,,,,,,,,,,,,,,,,,,,,,,,,,,,,,,,,,,,,,PD
,,,,,,,,,,,,,,,,,,,,,,,,,,,,,,,,,,,,,,,,,,,ND
,,,,,,,,,,,,,,,,,,,,,,,,,,,,,,,,,,,,,,,,,,,PD
,,,,,,,,,,,,,,,,,,,,,,,,,,,,,,,,,,,,,,,,,,,NA
,,,,,,,,,,,,,,,,,,,,,,,,,,,,,,,,,,,,,,,,,,,PD
