,genusName,speciesName,familyName,volume,typeMonoOrDio,Biome,seedLongevity,floweringTimeLocation1,floweringTimeLocation2,floweringDuration,reproductiveBud,pollination,mainSeedDropTime,seedDispersal,seedPredator,lifeSpanMax,reprodAge,seedDormancy,seedType,stratification,seedSize,seedWeights,oilContent,proteinContent,determinacy,modeDispersal,mastEvent,mastCycle,leafLongevity,criticalEnvironmentalCue,note,shadeTolerance,latbi,dormancyClass
1,Abies,amabilis,Pinaceae,1,Monoecious,Temperate,,"mid-May, low elevation","mid-June, high elevation",,early July,wind,Sep to Oct,wind,,590,20 to 30,Y,Orthodox,cold moist,,46.21,,NA,NA,Most sound seeds fall within 114 m (375 ft) of stand edge,Y,3,NA,soil moisture,,tolerant,Abies_amabilis,PD
2,Abies,balsamea,Pinaceae,1,Monoecious,Temperate,15,late May to early June,,,spring,wind,Sep to Oct,wind,rodents,200,20 to 30,Y,Orthodox,cold moist,,7.62,11.70%,NA,NA,Commonly 25每60 m (80每200 ft),Y,2 to 4,NA,,,tolerant,Abies_balsamea,PD
3,Abies,concolor,Pinaceae,1,Monoecious,Temperate,21,"May or June, California",May-June,several weeks,,wind,Sep,wind,,350,40,N,Orthodox,,,37.05,,NA,NA,1.5 to 2 times tree height,Y,6,NA,moisture and temperature,,tolerant,Abies_concolor,PD
4,Abies,fraseri,Pinaceae,1,Monoecious,Temperate,,mid-May to early June,,several weeks,prior growing season,wind,Sep to Oct,wind,insects,150,15,Y,Orthodox,No,,8.15,,NA,NA,Up to 1.6 km (1 mile); 50% fall over 274 m (900 ft),Y,2,NA,,,tolerant,Abies_fraseri,PD
5,Abies,grandis,Pinaceae,1,Monoecious,Temperate,16,"late March to mid-May, low elevation","June, high elevation",several weeks,prior growing season,wind,Sep to Oct,"wind, animals",insects,300,20,Y,Orthodox,cold,,28.1,,NA,NA,"Typically 45每60 m (150每200 ft), can reach up to 120 m (400 ft)",Y,2 to 3,NA,frost,,tolerant,Abies_grandis,PD
6,Abies,lasiocarpa,Pinaceae,1,Monoecious,Temperate,9,late spring to early summer,,,prior growing season,wind,Sep to Oct,"wind, animals","rodents, insects",250,20,Y,Orthodox,cold moist,,11.35,,NA,NA,Commonly ≒30 m from timber edge,Y,3,NA,,,tolerant,Abies_lasiocarpa,PD
7,Abies,magnifica,Pinaceae,1,Monoecious,Temperate,16,"May to June, California","mid-June to late June, southwestern Oregon",several weeks,cones form on 1-year-old branches,wind,late Sep to mid-Oct,wind,insects,600,35 to 45,Y,Orthodox,,,84,,NA,NA,1.5每2℅ tree height,Y,,NA,low precipitation,,,Abies_magnifica,PD
8,Abies,procera,Pinaceae,1,Monoecious,Temperate,16,May to June,,one month,cones form on 1-year-old branches,wind,late Sep to early Oct,wind,insects,700,20,N,Orthodox,,,34.93,,NA,NA,"Most seeds fall within 1每2 tree heights; max potential: ~600 m (2,000 ft)",Y,6,NA,,"poor seed quality due to inadequate pollen, poor synchrony between female receptivity and pollen shedding, selfing, insects.",intolerant,Abies_procera,PD
9,Chamaecyparis,lawsoniana,Pinaceae,1,Monoecious,Temperate,16,mid-March,,,Late spring每summer (1 year before pollination),wind,Sep to Oct,"wind, water",rodents,560,5 to 20,N,Orthodox,,"463,000/kg",3.38,24.70%,11.9,NA,~80每110 m (260每360 ft) from parent trees,N,,NA,,,tolerant,Chamaecyparis_lawsoniana,NA
10,Chamaecyparis,nootkatensis,Pinaceae,1,Monoecious,Temperate,,"April, south","June, north",,summer before pollination,wind,mid-Sep to early Dec,wind,,700,,Y,Orthodox,warm+cold,"240,000/kg",4.19,,NA,NA,less than 120 m,Y,4,NA,,low seed viability,tolerant,Chamaecyparis_nootkatensis,PD
11,Chamaecyparis,thyoides,Pinaceae,1,Monoecious,Temperate,,early April,,,summer before pollination,wind,Oct to late Feb,"wind, water",,1000,4 tp 5,Y,Orthodox,cold,"1,014,000/kg",3.33,,NA,NA,Up to ~183 m (600 ft) from 15 m trees in 8 km/h wind,Y,,NA,,,intermediate,Chamaecyparis_thyoides,PD
12,Juniperus,occidentalis,Pinaceae,1,Dioecious,Temperate,,spring,,,previous year,wind,Sep to Oct,animals,,400,,Y,Orthodox?,"mechanical, warm+cold",,58.16,,NA,NA,,N,,NA,,,intolerant,Juniperus_occidentalis,PD
13,Juniperus,scopulorum,Pinaceae,1,Dioecious,Temperate,3.5,mid-April to mid-June,,,late summer previous year,wind,mid-Sep to mid-Dec,"gravity, water, birds, animals","birds, animals",300,10,Y,Orthodox,mechanical,"59,700/kg",14.73,,NA,NA,potentially long,Y,2 to 5,NA,,,,Juniperus_scopulorum,PD
14,Juniperus,silicicola,Pinaceae,1,Dioecious,Temperate,,Jan to Feb,,,,wind,Oct to Nov,birds,birds,,,Y,,"cold, chemical","101,450/kg",NA,,NA,NA,potentially long,Y,,NA,,,intolerant,Juniperus_silicicola,NA
15,Juniperus,virginiana,Pinaceae,1,Dioecious,Temperate,,late Feb to early spring,,a few days,late summer,wind,Oct to Dec,"birds, animals","birds, animals",,10,Y,Orthodox,"chemical, cold, warm","96,120/kg",15.1,9.70%,13.8,NA,potentially long,Y,2 to 3,NA,,,intolerant,Juniperus_virginiana,PD
16,Larix,laricina,Pinaceae,1,Monoecious,Temperate,18,"late April to early May, Ontario","mid-May to late May, Alaska",,same spring as flowering,wind,Sep to Oct,wind,rodents,,12 to 15,N,Orthodox,,3mm,1.66,,NA,NA,"Typically <2℅ tree height, but successful up to 60 m (~200 ft)",Y,3 to 6,NA,,,intolerant,Larix_laricina,PD
17,Larix,lyallii,Pinaceae,1,Monoecious,Temperate,long,June,,,,wind,Sep,wind,insects,1000,,N,Orthodox,,"295,500/kg",3.21,,NA,NA,,Y,10,NA,,,intolerant,Larix_lyallii,ND
18,Larix,lyallii,Pinaceae,1,Monoecious,Temperate,long,June,,,,wind,Sep,wind,insects,1000,,N,Orthodox,,"295,500/kg",3.21,,NA,NA,,Y,10,NA,,,intolerant,Larix_lyallii,PD
19,Larix,occidentalis,Pinaceae,1,Monoecious,Temperate,16,mid-April to mid-May,,one month,previous fall,wind,mid-Oct,wind,rodents,900,8,Y,Orthodox,burning or mechanical,"302,000/kg",3.38,,NA,NA,"large wings, 240m",Y,2,NA,,,intolerant,Larix_occidentalis,PD
20,Libocedrus,decurrens,Pinaceae,1,Monoecious,Temperate,,late winter to early spring,,several months,previous Sep,wind,Aug to Oct,wind,insects,500,,Y,,cold,"33,100/kg",39.81,,NA,NA,"large wings, can disperse far",Y,3 to 6,NA,,,tolerant,Libocedrus_decurrens,PD
21,Picea,breweriana,Pinaceae,1,Monoecious,Temperate,17,mid-April to mid-June,,,early summer,wind,Sep tp Oct,wind,"birds, animals",,20 to 30,Y,Orthodox,cold moist,"134,500/kg",9.73,,NA,NA,"large wings, can disperse far",Y,2,NA,,,tolerant,Picea_breweriana,PD
22,Picea,engelmannii,Pinaceae,1,Monoecious,Temperate,17,late April to early May,,,April to May,wind,late Oct,"wind, animals","insects, birds, animals",300,15 to 40,Y,Orthodox,cold moist,297000/kg,3.2,,NA,NA,Up to 183 m (600 ft) from source in bumper years; most fall within 31 m (100 ft) of windward edge.,Y,,NA,,frost and drought are major causes of mortality,tolerant,Picea_engelmannii,ND
23,Picea,glauca,Pinaceae,1,Monoecious,Temperate,20,"May to early June, south","mid June, north",a few days,previous late July,wind,Sep,"wind, animals",rodents,300,30,Y,Orthodox,cold,,2.42,,NA,NA,can disperse far,Y,2 to 6,NA,moisture together with fertility,"cool, wet or snowy weather delays the onset of dispersal and causes cones to close",,Picea_glauca,ND
24,Picea,glauca,Pinaceae,1,Monoecious,Temperate,20,"May to early June, south","mid June, north",a few days,previous late July,wind,Sep,"wind, animals",rodents,300,30,Y,Orthodox,cold,,2.42,,NA,NA,can disperse far,Y,2 to 6,NA,moisture together with fertility,"cool, wet or snowy weather delays the onset of dispersal and causes cones to close",,Picea_glauca,PD
25,Picea,mariana,Pinaceae,1,Monoecious,Temperate,17,May or June,,,previous early Aug,wind,Aug,wind,,200,20,Y,Orthodox,,,1.19,,NA,NA,effective up to 79 m from the windward edge of the stand,Y,2 to 3,NA,,cones remain partially closed and disperse for several years,,Picea_mariana,PD
26,Picea,pungens,Pinaceae,1,Monoecious,Temperate,,May or June,,,,wind,early Sep to late Sep,wind,,600 or more,20,N,Orthodox,,,4.42,,NA,NA,Most seeds fall within 90 m (300 ft) of the parent tree,Y,2 to 3,NA,,growth on moist soil,intermediate,Picea_pungens,ND
27,Picea,pungens,Pinaceae,1,Monoecious,Temperate,,May or June,,,,wind,early Sep to late Sep,wind,,600 or more,20,N,Orthodox,,,4.42,,NA,NA,Most seeds fall within 90 m (300 ft) of the parent tree,Y,2 to 3,NA,,growth on moist soil,intermediate,Picea_pungens,PD
28,Picea,rubens,Pinaceae,1,Monoecious,Temperate,30,May,,a few days,previous July,wind,early Oct,wind,insects,400,,N,Orthodox,,306000/kg,3.31,,NA,NA,Most seeds disperse well within 100 m (330 ft),Y,3 to 8,NA,,need moisture,,Picea_rubens,NA
29,Picea,sitchensis,Pinaceae,1,Monoecious,Temperate,24,"late April, southern part","early June, northern part",several weeks,previous summer,wind,Oct,wind,,800,20 to 40,Y,Orthodox,,463000/kg,2.37,,NA,NA,Varies from 30 m (100 ft) (clearcut edge) to 0.8 km (0.5 mi),Y,3 to 8,NA,,need stable moisture,tolerant,Picea_sitchensis,PD
30,Pinus,albicaulis,Pinaceae,1,Monoecious,Temperate,12,mid-July,"June, mid-elevation",,previous early summer,wind,early Sep,animals,"birds, animals",1000,20,Y,Orthodox,"mechanical, cold",4850-9900/kg,136.14,,NA,NA,far by birds,Y,4,NA,,,intolerant,Pinus_albicaulis,PD
31,Pinus,banksiana,Pinaceae,1,Monoecious,Temperate,21,"mid-May to early June, northeastern Wisconsin",,,previous July,wind,,fire,rodents,,5 to 10,N,Orthodox,,288800/kg,3.45,,NA,NA,fire is required to release the seeds,,,NA,,"take several years for them to drop cones, fire is important",intolerant,Pinus_banksiana,PD
32,Pinus,clausa,Pinaceae,1,Monoecious,Subtropical,,"mid-Nov, northern Florida","late Dec to mid-Jan, northwest Florida",,early summer,wind,Sep to Nov,wind,"insects, birds, animals",40-60,5,Y,,,25447/kg,6.04,,NA,NA,dispersal distance 23 m to 28 m,Y,4 to 6,NA,,cone requires heat to open,intolerant,Pinus_clausa,PD
33,Pinus,contorta,Pinaceae,1,Monoecious,Temperate,,"mid-May to late May, Vancouver and northwestern Washington","mid-June to Late June, higher elevation",,,wind,Aug to Sep,wind,"insects, rodents",,,N,Orthodox,,298000/kg,4.23,,NA,NA,Most effective within 60 m (200 ft) of source,Y,1 to 3,NA,,"cone requires heat to open, need high soil moisture",intolerant,Pinus_contorta,PD
34,Pinus,echinata,Pinaceae,1,Monoecious,Temperate,0.5,March to April,,,,wind,late Oct to early Nov,"wind, animals",,200,20,Y,Orthodox,cold,102100/kg,29.16,,NA,NA,85% fall within 50m of forest walls,Y,3 to 10,NA,,,intolerant,Pinus_echinata,PD
35,Pinus,edulis,Pinaceae,1,Monoecious,Temperate,,mid-June,,one month,previous Aug,wind,Sep,birds,birds,800,25,Y,,cold,4190/kg,245.79,,NA,NA,up to 12 km,Y,4 to 7,NA,,,intolerant,Pinus_edulis,ND
36,Pinus,edulis,Pinaceae,1,Monoecious,Temperate,,mid-June,,one month,previous Aug,wind,Sep,birds,birds,800,25,Y,,cold,4190/kg,245.79,,NA,NA,up to 12 km,Y,4 to 7,NA,,,intolerant,Pinus_edulis,PD
37,Pinus,elliottii,Pinaceae,1,Monoecious,Subtropical,15,late Jan to Feb,,two weeks,"Male: June, Female: Aug",wind,Oct,"wind, animals",,,10 to 15,N,Orthodox,,29760/kg,32.45,,NA,NA,>90% fall within 46 m of parent.,Y,3,NA,,,intolerant,Pinus_elliottii,NA
38,Pinus,flexilis,Pinaceae,1,Monoecious,Temperate,,June to July,,,spring,wind,Sep to Oct,"birds, animals",,,,Y,Orthodox,,10800/kg,113.22,,NA,NA,Clark＊s nutcracker can transport seeds up to 23 km (14 mi).,Y,2 to 4,NA,,,intolerant,Pinus_flexilis,PD
39,Pinus,glabra,Pinaceae,1,Monoecious,Temperate,10,,,,,wind,Nov,,,,10,Y,Orthodox,cold,101410/kg,8.62,,NA,NA,,,,NA,,,tolerant,Pinus_glabra,PD
40,Pinus,glabra,Pinaceae,1,Monoecious,Temperate,10,,,,,wind,Nov,,,,10,Y,Orthodox,cold,101410/kg,8.62,,NA,NA,,,,NA,,,tolerant,Pinus_glabra,PD
41,Pinus,jeffreyi,Pinaceae,1,Monoecious,Temperate,18,June or July,,,,wind,Sep or Oct,"wind, birds",rodents,,8,Y,Orthodox,cold,,122.49,,NA,NA,can be widely spread,Y,2 to 8,NA,,,intolerant,Pinus_jeffreyi,PD
42,Pinus,lambertiana,Pinaceae,1,Monoecious,Temperate,15,"late May, low elevation","early Aug, high elevation",two months,previous July,wind,late Aug to Oct,"gravity, birds, animals","insects, birds, animals",,,Y,Orthodox,mechanical,4630/kg,208.51,,NA,NA,,,,NA,,,intermediate,Pinus_lambertiana,PD
43,Pinus,monophylla,Pinaceae,1,Monoecious,Temperate,,mid-June,,,previous late spring,wind,Sep to early Nov,"birds, animals","rodents, birds",,35,N,,,2000/kg,473.27,25.50%,NA,NA,,Y,3 to 7,NA,soil moisture,,intolerant,Pinus_monophylla,PD
44,Pinus,monticola,Pinaceae,1,Monoecious,Temperate,15,late June to mid-July,,8.5 days,previous July,wind,Aug to Sep,"wind, rodents, birds","insects, rodents",,7,Y,Orthodox,cold,59000/kg,20.41,,NA,NA,most seeds fall within 120m of the parent tree,Y,4,NA,"warm, dry period during the early summer of the 2 years before strobilus emergence fabor production",,intermediate,Pinus_monticola,PD
45,Pinus,nigra,Pinaceae,1,Monoecious,Temperate,10,May to June,,3 days,,wind,Oct to Nov,wind,,,15 to 40,N,Orthodox,,57300/kg,17.2,,NA,NA,,Y,2 to 5,NA,,,intolerant,Pinus_nigra,ND
46,Pinus,nigra,Pinaceae,1,Monoecious,Temperate,10,May to June,,3 days,,wind,Oct to Nov,wind,,,15 to 40,N,Orthodox,,57300/kg,17.2,,NA,NA,,Y,2 to 5,NA,,,intolerant,Pinus_nigra,ND
47,Pinus,palustris,Pinaceae,1,Monoecious,Temperate to subtropical,,"late Feb, southern part","early April, nothern part",,previous July,wind,Oct to Nov,wind,insects,,,N,,,10800/kg,94.42,,NA,NA,71% of sound seeds falling within a distance of 20 of the base of parent trees,Y,4 to 5,NA,,,intolerant,Pinus_palustris,PD
48,Pinus,ponderosa,Pinaceae,1,Monoecious,Temperate,17,early May to mid-June,,20 days,previous June,wind,early Sep to Nov,gravity,"insects, rodents, birds",,7,N,Orthodox,,26500/kg,41.57,,NA,NA,not disseminated naturally over extensive distances.,Y,3 to 8,NA,temperature influences growh timing,,intolerant,Pinus_ponderosa,PD
49,Pinus,pungens,Pinaceae,1,Monoecious,Temperate,9,"late March to early April, low elevation","mid-April to late April, high elevation",two weeks,,wind,Jan to Dec,wind,,,5 to 10,N,Orthodox,,,13.18,,NA,NA,long wings,N,,NA,"fire crucial for regeneration, flower sensitive to frost and drought",,intolerant,Pinus_pungens,NA
50,Pinus,radiata,Pinaceae,1,Monoecious,Temperate,21,late winter to early spring,,,previous year,wind,Feb to March,wind,"birds, animals",,5 to 10,N,Orthodox,,,31.84,,NA,NA,"dispersal is gradual, unless opened by filre",N,,NA,,,intermediate,Pinus_radiata,NA
51,Pinus,resinosa,Pinaceae,1,Monoecious,Temperate,42,April to June,,,previous June to Aug,wind,late Aug to Oct,wind,"insects, birds, animals",,15 to 25,Y,Orthodox,,115000/kg,8.5,,NA,NA,,Y,3 to 7,NA,,,intolerant,Pinus_resinosa,PD
52,Pinus,rigida,Pinaceae,1,Monoecious,Temperate,11,late April to early May,,two weeks,previous year,wind,Nov to April,wind,insects,,,Y,Orthodox,,,NA,,NA,NA,Up to ~90 m (300 ft),Y,3,NA,,,intolerant,Pinus_rigida,PD
53,Pinus,sabiniana,Pinaceae,1,Monoecious,Temperate,5,March to April,,,previous year,wind,Oct to Dec,wind,"rodents, birds",,10 to 25,Y,Orthodox,cold moist,1280/kg,703.62,,NA,NA,potentially far by birds and streams,Y,2 to 3,NA,,,intolerant,Pinus_sabiniana,PD
54,Pinus,sabiniana,Pinaceae,1,Monoecious,Temperate,5,March to April,,,previous year,wind,Oct to Dec,wind,"rodents, birds",,10 to 25,Y,Orthodox,cold moist,1280/kg,703.62,,NA,NA,potentially far by birds and streams,Y,2 to 3,NA,,,intolerant,Pinus_sabiniana,PD
55,Pinus,serotina,Pinaceae,1,Monoecious,Temperate,,"late March, Florida","late April, North Carolina",,,wind,Oct to Jan,wind,,,10,Y,,,119000/kg,8.75,,NA,NA,Several times tree height due to winged seeds,Y,,NA,need heat to open the cone,,intolerant,Pinus_serotina,NA
56,Pinus,strobus,Pinaceae,1,Monoecious,Temperate,20,May to June,,,,wind,Aug to Sep,"wind, animals",rodents,,5 tp 10,Y,Orthodox,cold,58400/kg,16.56,,NA,NA,≡60 m (200 ft) in forests; >210 m (700 ft) in open,Y,3 to 5,NA,moisture critical,,intermediate,Pinus_strobus,PD
57,Pinus,sylvestris,Pinaceae,1,Monoecious,Temperate,15,lat May to early June,,two to three days,previous late summer,wind,late Oct to Dec,"wind, animals",insects,,5 to 8,N,Orthodox,,159600/kg,5.78,,NA,NA,Common: 50每100 m (164每328 ft); max: ≡1 km (0.6 mi),Y,3 to 6,NA,,,intolerant,Pinus_sylvestris,ND
58,Pinus,taeda,Pinaceae,1,Monoecious,Temperate,15,mid-Feb to early April,,,previous July to Aug,wind,Oct to Dec,wind,,,25,Y,Orthodox,cold moist,40100/kg,26.19,,NA,NA,Common: 61每91 m (200每300 ft) downwind; 23每30 m (75每100 ft) otherwise,Y,3 to 6,NA,,,intolerant,Pinus_taeda,PD
59,Pinus,virginiana,Pinaceae,1,Monoecious,Temperate,5,March to May,,,,wind,Oct to Jan,wind,,,5,,Orthodox,,122100/kg,8.45,,NA,NA,Avg: 30 m (100 ft),Y,4,NA,,,intolerant,Pinus_virginiana,NA
60,Pseudotsuga,macrocarpa,Pinaceae,1,Monoecious,Temperate,19,early March to mid-April,,two to three weeks,previous July,wind,Sep to Oct,"gravity, wind, rodents, birds","insects, rodents, birds",,40,Y,Orthodox,cold moist,,88.15,,NA,NA,primarily under canopy,Y,,NA,wet years critical for seedling emergence,,intolerant,Pseudotsuga_macrocarpa,NA
61,Pseudotsuga,menziesii,Pinaceae,1,Monoecious,Temperate,,"March to April, warmer","May to early June, cooler",,previous spring,wind,Oct,"wind, animals","insects, rodents, birds",,,Y,,,91500/kg,10.88,,NA,NA,mostly within 100 m,Y,,NA,,,tolerant,Pseudotsuga_menziesii,PD
62,Pseudotsuga,menziesii,Pinaceae,1,Monoecious,Temperate,,"March to April, warmer","May to early June, cooler",,previous spring,wind,Oct,"wind, animals","insects, rodents, birds",,,Y,,,91500/kg,10.88,,NA,NA,mostly within 100 m,Y,,NA,,,tolerant,Pseudotsuga_menziesii,PD
63,Sequoia,sempervirens,Pinaceae,1,Monoecious,Temperate,16,lat Nov to late Jan,,,,wind,Dec to Jan,wind,,,5 to 15,,Intermediate,,265000/kg,4.67,,NA,NA,"Uphill: 61m, downhill: 122 m",Y,,NA,need high moisture,,tolerant,Sequoia_sempervirens,ND
64,Sequoiadendron,giganteum,Pinaceae,1,Monoecious,Temperate,14,mid-April to mid-May,,,previous late summer,wind,,"wind, animals",insects,,10,N,Intermediate,,200000/kg,6.16,,NA,NA,up to 0.4 km via wind,Y,,NA,need fire to release the seeds,,intolerant,Sequoiadendron_giganteum,ND
65,Taxodium,distichum var. distichum,Taxodiaceae,1,Monoecious,Temperate,,March to April,,,previous year,wind,Oct to Dec,"wind, animals",,,,,,,"5,600 to 18,430/kg",87,,NA,NA,,Y,3 to 5,NA,,,intermediate,Taxodium_distichum var. distichum,NA
66,Taxus,brevifolia,Pinaceae,1,Dioecious,Temperate,,spring,,,,wind,Aug to Oct,"rodents, birds","birds, animals",,,,Orthodox,,33100/kg,30.92,,NA,NA,,N,,NA,,,tolerant,Taxus_brevifolia,MPD
67,Thuja,occidentalis,Pinaceae,1,Monoecious,Temperate,5,late April to early June,,,,wind,Sep to Nov,wind,,,6,,Orthodox,,763000/kg,1.47,,NA,NA,Estimated 45每60 m (150每200 ft) by wind.,Y,2 to 5,NA,,,tolerant,Thuja_occidentalis,PD
68,Thuja,plicata,Pinaceae,1,Monoecious,Temperate,5,"March to April, sourhern coastal","May to June, coastal Alaska",,,wind,Oct to Nov,wind,,,,N,Intermediate,,448000 to 1305000/kg,1.4,,NA,NA,,Y,,NA,,,tolerant,Thuja_plicata,ND
69,Torreya,taxifolia,Pinaceae,1,Dioecious,Subtropical,,March to April,,,previous spring,wind,Aug to early Nov,wind,"insects, rodents, birds",,20,Y,Orthodox?,,,2015.9,,NA,NA,,Y,5,NA,,,tolerant,Torreya_taxifolia,NA
70,Tsuga,canadensis,Pinaceae,1,Monoecious,Temperate,,late April to early June,,,,wind,mid-Oct,wind,,,,Y,Orthodox,cold,56250 to 163290/kg,2.96,,NA,NA,ost seeds fall near tree height due to small wings; some dispersal on crusted snow.,Y,,NA,,,tolerant,Tsuga_canadensis,PD
71,Tsuga,heterophylla,Pinaceae,1,Monoecious,Temperate,16,"mid-April to late April, Western Oregon","late May to June, coastal Alaska",,,wind,mid-Sep to late Sep,wind,,,25 to 30,Y,Intermediate,cold,573000/kg,1.97,,NA,NA,disperse far,Y,2 to 8,NA,,,tolerant,Tsuga_heterophylla,PD
72,Tsuga,mertensiana,Pinaceae,1,Monoecious,Temperate,20,"June, Cascade range and British Columbia","mid-May to June, Alaska",,,wind,late Sep to Nov,wind,,800,20,,Orthodox,,,4.69,,NA,NA,,,,NA,daytime temperature pollen release; high temperature before cone production favor cone-bud initiation,,tolerant,Tsuga_mertensiana,PD
73,Acacia,koa,Leguminosae,2,,Tropical,,"Mauna Kea, December to February","Lower elevation, late winter to July",nearly continuous,,insects,Jan to Dec,"gravity, wind",,,2 to 3,Y,Orthodox,mechanical,,90.9,,NA,NA,Rarely dispersed far,N,,NA,sensitive to drought,,intolerant,Acacia_koa,PY
74,Acer,barbatum,Aceraceae,2,polygamo-dioecious,Temperate,,late march to April,,,,,June,,,,,,,,,NA,,NA,NA,likely short to moderate,,,NA,,,tolerant,Acer_barbatum,NA
75,Acer,macrophyllum,Aceraceae,2,,Temperate,0.5,"low elevation or south, March","high elevation and north, June",2-4 weeks,,insects,Oct to Jan,wind,,200,10,Y,Intermediate?,cold,6550/kg,138.03,,NA,NA,likely short to moderate,N,,NA,,,intermediate,Acer_macrophyllum,PD
76,Acer,macrophyllum,Aceraceae,2,,Temperate,0.5,"low elevation or south, March","high elevation and north, June",2-4 weeks,,insects,Oct to Jan,wind,,200,10,Y,Intermediate?,cold,6550/kg,138.03,,NA,NA,likely short to moderate,N,,NA,,,intermediate,Acer_macrophyllum,PD
77,Acer,negundo,Aceraceae,2,Dioecious,Temperate,2,March to May,,,early spring,wind,Oct to Mar,wind,,60,8 to 10,Y,Orthodox,,29500/kg,33.92,,NA,NA,likely short to moderate,N,,NA,,,,Acer_negundo,PD
78,Acer,nigrum,Aceraceae,2,,Temperate,,"Vermont, first week in May","other range, April",3-8 days,,wind and insects,late Sep to early Oct,wind,"rodens, animals",200,,Y,,moist cold,15500/kg,NA,,NA,NA,moderate to long,Y,4,NA,,,tolerant,Acer_nigrum,NA
79,Acer,pensylvanicum,Aceraceae,2,Monoecious/dioecious,Temperate,2,May to June,,,,wind,Oct to Nov,wind,,,11,Y,Orthodox?,"moist, mechanical",24500/kg,37.3,,NA,NA,typical < 60m,,,NA,,,tolerant,Acer_pensylvanicum,PD
80,Acer,rubrum,Aceraceae,2,polygamo-dioecious,Temperate,,March to May,,several weeks,,wind,April to June,wind,,150,4,N,Orthodox,,51000/kg,23.68,3.9,31.8,NA,efficient wind disperser,Y,2,NA,,,tolerant,Acer_rubrum,PD
81,Acer,saccharinum,Aceraceae,2,polygamo-dioecious,Temperate,,February to May,,,,wind,April to June,wind,,,,N,Recalcitrant,,3920/kg,201.54,,NA,NA,,,,NA,sensitive to competitor and water,,intolerant,Acer_saccharinum,ND
82,Acer,saccharum,Aceraceae,2,polygamo-dioecious,Temperate,4.5,late march to April,,several weeks,,wind,Oct to Nov,wind,,,22,Y,Orthodox,moist cold,15400/kg,55.21,,NA,NA,at least 100 meters,Y,,NA,seedling germination needs low temperature,,tolerant,Acer_saccharum,PD
83,Aesculus,glabra,Hippocastanaceae,2,polygamo-monoecious,Temperate,,March to May,,,,,Sep to Oct,"gravity, water, animals",animals,,8,,,cold,,6700.5,,NA,NA,,,,NA,,,tolerant,Aesculus_glabra,PD
84,Aesculus,octandra,Hippocastanaceae,2,polygamo-monoecious,Temperate,,April to June,,,,,Sep,"gravity, water, animals",,,,,Recalcitrant?,cold,65/kg,12530.91,3.7,16.2,NA,,,,NA,topography,,tolerant,Aesculus_octandra,PD
85,Ailanthus,altissima,Simaroubaceae,2,Dioecious,Temperate,,mid-April to July,,,,insects,Sep to Oct,wind,,,,,Orthodox?,cold,30000/kg,29.25,49.87,27.55,NA,,N,,NA,,,intolerant,Ailanthus_altissima,PD
86,Alnus,glutinosa,Betulaceae,2,Monoecious,Temperate,2,February to March,,,,,Sep to Oct,wind,,,,N,Orthodox?,cold,800000/kg,4.96,11.7,11.1,NA,"small size, not spread more than 30 to 60 in",N,,NA,water,,intolerant,Alnus_glutinosa,PD
87,Alnus,rubra,Betulaceae,2,Monoecious,Temperate,10,late winter to early spring,,,,,Nov to Dec,wind,,,,,Orthodox,,,0.95,,NA,NA,,N,,NA,,,intolerant,Alnus_rubra,ND
88,Alnus,rubra,Betulaceae,2,Monoecious,Temperate,10,late winter to early spring,,,,,Nov to Dec,wind,,,,,Orthodox,,,0.95,,NA,NA,,N,,NA,,,intolerant,Alnus_rubra,PD
89,Alnus,rubra,Betulaceae,2,Monoecious,Temperate,10,late winter to early spring,,,,,Nov to Dec,wind,,,,,Orthodox,,,0.95,,NA,NA,,N,,NA,,,intolerant,Alnus_rubra,PD
90,Arbutus,menziesii,Ericaceae,2,,,2,low elevation: mid-March,high elevation: mid-May,,,insects,mid-Sep to mid-Nov,"gravity, birds, animals","birds, rodents",,3,Y,Orthodox,cold,434310-705470/kg,54.88,22.2,15.6,NA,"short via gravity, longer when dispersed by animals",N,,NA,,,intermediate,Arbutus_menziesii,PD
91,Arbutus,menziesii,Ericaceae,2,,,2,low elevation: mid-March,high elevation: mid-May,,,insects,mid-Sep to mid-Nov,"gravity, birds, animals","birds, rodents",,3,Y,Orthodox,cold,434310-705470/kg,54.88,22.2,15.6,NA,"short via gravity, longer when dispersed by animals",N,,NA,,,intermediate,Arbutus_menziesii,PD
92,Betula,alleghaniensis,Betulaceae,2,Monoecious,Temperate,15,spring,,several days,late summer,wind,Oct,wind,,,40,Y,Orthodox,light,99200/kg,0.98,,NA,NA,Up to 400 m by wind,Y,3,NA,"Needs disturbed seedbeds (scarified humus/mineral mix), adequate light (optimal 45每50% sunlight), moist but well-drained soil, pH and nutrient sensitivity",,intermediate,Betula_alleghaniensis,NA
93,Betula,lenta,Betulaceae,2,Monoecious,Temperate,2,April to May,,,late summer,wind,mid-Sep to Nov,wind,,,40,N,Orthodox,,1367000/kg,0.74,,NA,NA,,Y,1 to 2,NA,,,intolerant,Betula_lenta,PD
94,Betula,nigra,Betulaceae,2,Monoecious,Temperate,,early spring,,,"male catkins form in fall, female catkins appear in early spring",wind,May to June,"wind, water",,,,,Orthodox?,,826700/kg,1.24,,NA,NA,,N,,NA,requires moist alluvial soil,,intolerant,Betula_nigra,PD
95,Betula,papyrifera,Betulaceae,2,Monoecious,Temperate,,mid-April to early June,,,"male catkins form in late summer, female catkins form in spring",wind,Sep to Nov,wind,birds,,15,,Orthodox,,3000000/kg,0.32,,NA,NA,Most seeds fall within stand; seedfall drops 90% at 100 m (330 ft) from source; effective dispersal <50 m (165 ft),N,,NA,sensitive to moisture stress and competition; high regeneration after scarification or burning,,intolerant,Betula_papyrifera,PD
96,Calophyllum,calaba,Calophyllaceae,2,Polygamous,Tropical,,Puerto Rico: spring and summer,Trinidad: Sep to Oct,,,,May or June,"gravity, water,animals","birds, animals",,3,Y,,,,NA,,NA,NA,Primarily short-range; animals assist with longer dispersal,N,,NA,"Germinates best in warm, moist environments",,intermediate,Calophyllum_calaba,NA
97,Carpinus,caroliniana,Betulaceae,2,Monoecious,Temperate to subtropical,0.3,South: mid-March to early May,North: April to May,,,wind,Aug to Oct,"birds, wind",,,,Y,,cold and chemical,,25.97,,NA,NA,"short by wind, but extended via birds",Y,3 to 5,NA,,,tolerant,Carpinus_caroliniana,PD
98,Carpinus,caroliniana,Betulaceae,2,Monoecious,Temperate to subtropical,0.3,South: mid-March to early May,North: April to May,,,wind,Aug to Oct,"birds, wind",,,,Y,,cold and chemical,,25.97,,NA,NA,"short by wind, but extended via birds",Y,3 to 5,NA,,,tolerant,Carpinus_caroliniana,PD
99,Carya,aquatica,Juglandaceae,2,Monoecious,Subtropical,,April to May,,,spring,wind,Oct to Dec,"water, animals",,,20,Y,,,440/kg,2771.8,,NA,NA,potentially long,N,,NA,,,intermediate,Carya_aquatica,NA
100,Carya,cordiformis,Juglandaceae,2,Monoecious,Temperate to subtropical,,April to May,,,,wind,Sep to Oct,gravity,,,30,Y,,cold,,2797.56,27,NA,NA,,Y,3 to 5,NA,,,intolerant,Carya_cordiformis,NA
101,Carya,glabra,Juglandaceae,2,Monoecious,Temperate to subtropical,,mid-March to early June,,,,wind,Sep to Dec,"gravity, rodents",,,30,Y,,cold,440/kg,3502.19,,NA,NA,,Y,1 to 2,NA,frost severly impact seed yield,,intermediate,Carya_glabra,PD
102,Carya,illinoensis,Juglandaceae,2,Monoecious,Temperate to subtropical,,April to May,,,late summer,wind,Sep to Dec,"water, animals",rodents,,20,Y,,cold,220-350/kg,NA,,NA,NA,,Y,1 to 3,NA,,,intolerant,Carya_illinoensis,NA
103,Carya,laciniosa,Juglandaceae,2,Monoecious,Temperate,,April to June,,,,wind,Sep to Nov,"gravity, rodents, birds",rodents,,40,Y,Orthodox,cold,55-75/kg,15141.07,,NA,NA,,Y,2,NA,,,tolerant,Carya_laciniosa,NA
104,Carya,myristiciformis,Juglandaceae,2,Monoecious,subtropical,,April to May,,,,wind,Sep to Dec,"gravity, water, animals",rodents,,30,Y,,,,NA,,NA,NA,squirrels aids establishment,Y,2 to 3,NA,,,tolerant,Carya_myristiciformis,NA
105,Carya,ovata,Juglandaceae,2,Monoecious,Temperate,,South: late March,North: early June,,,wind,Sep to Dec,"gravity, rodents",insects,,40,Y,Orthodox p,moist cold,220/kg,4401.2,70.20%,NA,NA,,Y,1 to 3,NA,,,intermediate,Carya_ovata,PD
106,Carya,tomentosa,Juglandaceae,2,Monoecious,Temperate,,April to May,,,,wind,Sep to Dec,"gravity, rodents, birds",insects,,25,Y,,cold,70-250/kg,5559.92,,NA,NA,,Y,2 to 3,NA,requires moderately moist seedbed,,intolerant,Carya_tomentosa,PD
107,Castanopsis,chrysophylla,Fagaceae,2,Monoecious,Temperate,,mid-June to mid-July,,,,wind and insects,late Sep,"gravity, rodents, birds",insects,,,,Orthodox p,,,470.04,,NA,NA,,Y,2 to 5,NA,,,intermediate,Castanopsis_chrysophylla,ND
108,Cecropia,peltata,Moraceae,2,Dioecious,Tropical,2,year-round,,,,,Jan to March,birds,,,4,,Orthodox,,,0.58,,NA,NA,,,,NA,,,intolerant,Cecropia_peltata,ND
109,Cedrela,odorata,Meliaceae,2,Monoecious,Tropical,1.2,"Mexico, northern South America: May to Aug",Argentina: Sep to Oct,,,,,wind,,,,N,Orthodox,,,17.02,21.4,25,NA,,N,,NA,,,intolerant,Cedrela_odorata,ND
110,Cedrela,odorata,Meliaceae,2,Monoecious,Tropical,1.2,"Mexico, northern South America: May to Aug",Argentina: Sep to Oct,,,,,wind,,,,N,Orthodox,,,17.02,21.4,25,NA,,N,,NA,,,intolerant,Cedrela_odorata,ND
111,Cedrela,odorata,Meliaceae,2,Monoecious,Tropical,1.2,"Mexico, northern South America: May to Aug",Argentina: Sep to Oct,,,,,wind,,,,N,Orthodox,,,17.02,21.4,25,NA,,N,,NA,,,intolerant,Cedrela_odorata,ND
112,Cedrela,odorata,Meliaceae,2,Monoecious,Tropical,1.2,"Mexico, northern South America: May to Aug",Argentina: Sep to Oct,,,,,wind,,,,N,Orthodox,,,17.02,21.4,25,NA,,N,,NA,,,intolerant,Cedrela_odorata,PD
113,Celtis,laevigata,Ulmaceae,2,Polygamo-monoecious,Temperate,,mid-March to May,,,,,Jan,"water, birds",,,15,,Orthodox?,,,75.71,,NA,NA,,N,,NA,late spring frosts kill flowers,,tolerant,Celtis_laevigata,NA
114,Celtis,occidentalis,Ulmaceae,2,Polygamo-monoecious,Temperate,5.5,south: early April,North: late May,,,,Dec to March,"birds, animals",,,,,Orthodox,,,126.44,,NA,NA,,N,,NA,,,intermediate,Celtis_occidentalis,PD
115,Cercis,canadensis,Leguminosae,2,Monoecious,Temperate,13,March to May,,,,insects,Oct to Dec,"wind, animals",insects,,,Y,Orthodox,mechanical and cold,,24.6,8.25,25.2,NA,,,,NA,winterchiling enhances flowering,,tolerant,Cercis_canadensis,PYPD
116,Cordia,alliodora,Boraginaceae,2,Dioecious,Tropical,0.5,year-round,,,,wind and insects,April to May,,,,5,,Orthodox,,,30.77,,NA,NA,,,,NA,,,intolerant,Cordia_alliodora,ND
117,Cordia,alliodora,Boraginaceae,2,Dioecious,Tropical,0.5,year-round,,,,wind and insects,April to May,,,,5,,Orthodox,,,30.77,,NA,NA,,,,NA,,,intolerant,Cordia_alliodora,PD
118,Cornus,florida,Cornaceae,2,Monoecious,Temperate,,South: mid-March,North: late May,,,,,"birds, animals",,,6,,Orthodox,,9920/kg,101.87,,NA,NA,,Y,,NA,,,tolerant,Cornus_florida,PD
119,Dacryodes,excelsa,Burseraceae,2,Dioecious,Tropical,0.1,May and Dec,,,,,Oct to Dec,,,,,N,,,,0.58,,NA,NA,,,,NA,,,intermediate,Dacryodes_excelsa,ND
120,Didymopanax,morototoni,Araliaceae,2,Monoecious,Tropical,,Oct to Dec,,,,insect,,bird,,,10,,,,,14,,NA,NA,,N,,NA,,,intolerant,Didymopanax_morototoni,MPD
121,Diospyros,virginiana,Ebenaceae,2,Dioecious,Temperate,,Nov to Apr,,,,,,,,,4 to 5,,,,,364.57,2.6,10,NA,,N,,NA,,,tolerant,Diospyros_virginiana,PD
122,Eucalyptus,globulus,Myrtaceae,2,,Temperate,,mid-Aug to late Sep,,,,,,,,,,,Orthodox,,,37.36,,NA,NA,,Y,3 to 5,NA,,,intolerant,Eucalyptus_globulus,ND
123,Eucalyptus,grandis,Myrtaceae,2,,Tropical to subtropical,,mid-Aug to late Sep,,,,insects,Feb to March,,,,,,Orthodox,,,1.18,,NA,NA,,N,,NA,,,intolerant,Eucalyptus_grandis,ND
124,Eucalyptus,robusta,Myrtaceae,2,,Tropical to subtropical,,Tropical: year-round,California: Jan to March,,,insect,,wind,,,,,Orthodox,,,3.15,,NA,NA,,N,,NA,,,intolerant,Eucalyptus_robusta,ND
125,Eucalyptus,saligna,Myrtaceae,2,,Subtropical,,Hawaii: Jan to Mar,California: April to June,,,insect,,wind,,,3 to 4,,Orthodox,,,0.79,,NA,NA,,,,NA,,,intolerant,Eucalyptus_saligna,ND
126,Fagus,grandifolia,Fagaceae,2,Monoecious,Temperate,,late April to early May,,,,,,"rodents, birds",,,40,,Orthodox?,,3500/kg,265.74,,NA,NA,fall near parent tree,Y,2 to 8,NA,,,tolerant,Fagus_grandifolia,PD
127,Fraxinus,americana,Oleaceae,2,Dioecious,Temperate,,April and May,,,,wind,,wind,,,20,Y,Orthodox,moist,,37.3,33.4,25.2,NA,fall within 140m of parent tree,N,,NA,,,intolerant,Fraxinus_americana,PD
128,Fraxinus,latifolia,Oleaceae,2,Dioecious,Temperate,,April ot May,,,,,Sep to Oct,wind,,,30,Y,,cold,,40.96,,NA,NA,,Y,3 to 5,NA,,,intermediate,Fraxinus_latifolia,PD
129,Fraxinus,nigra,Oleaceae,2,Polygamous,Temperate,,May or June,,,,,July to Oct,,,,,Y,Orthodox,warm and cold,,55.28,,NA,NA,,,,NA,,,intolerant,Fraxinus_nigra,MPD
130,Fraxinus,pennsylvanica,Oleaceae,2,Dioecious,Temperate,,Florida: March or April,North: late April to early May,,,,Oct,"wind, water",,,,Y,Orthodox,cold,,32.82,,NA,NA,,,,NA,,,tolerant,Fraxinus_pennsylvanica,PD
131,Fraxinus,profunda,Oleaceae,2,Dioecious,Temperate,0.5,April to May,,,,,Oct to Dec,"wind, water",,,10,,,,7050/kg,142.32,,NA,NA,,,,NA,,,intermediate,Fraxinus_profunda,NA
132,Gleditsia,triacanthos,Leguminosae,2,Polygamo-dioecious,Temperate,,late spring,,,,,Nov,animals,,,10,,Orthodox,,6170/kg,168.58,2.73,22.15,NA,,N,,NA,,,intolerant,Gleditsia_triacanthos,PY
133,Gordonia,lasianthus,Theaceae,2,,Temperate to subtropical,1.59,June to mid-Aug,,,,insects,late Dec,wind,,,,,Orthodox,,,3.51,,NA,NA,,,,NA,,,tolerant,Gordonia_lasianthus,NA
134,Grevillea,robusta,Proteaceae,2,Monoecious,Tropical to subtropical,2,March through Oct,,,,,Nov,wind,,,10,,Orthodox,,,20.1,,NA,NA,,N,,NA,,,intolerant,Grevillea_robusta,ND
135,Halesia,carolina,Styracaceae,2,Dioecious,Temperate,,March to May,,,,,Dec,,,,,Y,Orthodox,warm and cold,,281.52,,NA,NA,,N,,NA,,,tolerant,Halesia_carolina,PD
136,Ilex,opaca,Aquifoliaceae,2,Dioecious,Temperate,,South: April,North: June,,,insects,Dec,"birds, animals",,,,Y,Orthodox?,cold,61730/kg,17.2,,NA,NA,,N,,NA,,,tolerant,Ilex_opaca,MPD
137,Ilex,opaca,Aquifoliaceae,2,Dioecious,Temperate,,South: April,North: June,,,insects,Dec,"birds, animals",,,,Y,Orthodox?,cold,61730/kg,17.2,,NA,NA,,N,,NA,,,tolerant,Ilex_opaca,MPD
138,Juglans,cinerea,Juglandaceae,2,Monoecious,Temperate,5,April toJune,,,,,Sep to Oct,"gravity, animals",,,20,Y,Orthodox?,cold,,14026.39,,NA,NA,,Y,2 to 3,NA,,,intolerant,Juglans_cinerea,PD
139,Juglans,nigra,Juglandaceae,2,Monoecious,Temperate,5,South: mid-April,North: early June,,,,Sep to Oct,"gravity, animals",,,4,Y,Orthodox?,cold,,11302.54,55.8,NA,NA,,Y,,NA,,,intolerant,Juglans_nigra,PD
140,Liquidambar,styraciflua,Hamamelidaceae,2,Monoecious,Tropical to subtropical,10,March to early May,,,,,Sep to Nov,wind,,,20,,Orthodox,,,5.01,,NA,NA,fall within 61m of the parent tree,N,,NA,,,intolerant,Liquidambar_styraciflua,ND
141,Liquidambar,styraciflua,Hamamelidaceae,2,Monoecious,Tropical to subtropical,10,March to early May,,,,,Sep to Nov,wind,,,20,,Orthodox,,,5.01,,NA,NA,fall within 61m of the parent tree,N,,NA,,,intolerant,Liquidambar_styraciflua,PD
142,Liquidambar,styraciflua,Hamamelidaceae,2,Monoecious,Tropical to subtropical,10,March to early May,,,,,Sep to Nov,wind,,,20,,Orthodox,,,5.01,,NA,NA,fall within 61m of the parent tree,N,,NA,,,intolerant,Liquidambar_styraciflua,PD
143,Liriodendron,tulipifera,Magnoliaceae,2,Monoecious,Temperate,7,April to June,,2-6 weeks,,insects,early Nov,,,,,,Orthodox,,,57.18,,NA,NA,4-5 times the height of the tree,N,,NA,,,intolerant,Liriodendron_tulipifera,MPD
144,Lithocarpus,densiflorus,Fagaceae,2,Monoecious,Temperate,,June to Aug,,,,,late Sep to mid-Nov,,,,,,Recalcitrant?,,,5929.5,,NA,NA,,N,,NA,,,tolerant,Lithocarpus_densiflorus,ND
145,Maclura,pomifera,Moraceae,2,Dioecious,Temperate,3,April through June,,,,,Sep to Oct,"birds, animals",,,10,Y,Orthodox,mechanical,30900/kg,31.78,44.5,38.2,NA,,N,,NA,,,intolerant,Maclura_pomifera,PD
146,Magnolia,acuminata,Magnoliaceae,2,Monoecious,Temperate,,April to early July,,2-4 days,,insects,,"gravity, wind, water, birds",,,30,,,,3530/kg,88.51,,NA,NA,,Y,4 to 5,NA,,,intermediate,Magnolia_acuminata,MPD
147,Magnolia,fraseri,Magnoliaceae,2,Monoecious,Temperate,,May to June,,,,,,,,,,,Orthodox,,10030/kg,99.84,,NA,NA,,Y,4 to 5,NA,,,intermediate,Magnolia_fraseri,NA
148,Magnolia,grandiflora,Magnoliaceae,2,Monoecious,Temperate to subtropical,0.5,April to June,,,,,Nov,"birds, animals",,,10,,Orthodox,,14200/kg,72.93,49.45,8.8,NA,,N,,NA,,,tolerant,Magnolia_grandiflora,MPD
149,Magnolia,virginiana,Magnoliaceae,2,Monoecious,Temperate to subtropical,,April to July,,several weeks,,insects,Oct,"wind, water, birds",,,,,Orthodox,,16600/kg,62.3,,NA,NA,,N,,NA,,,intermediate,Magnolia_virginiana,MPD
150,Manilkara,bidentata,Sapotaceae,2,Monoecious,Tropical,,Puerto Rico: May through late Aug,Trinidad: Jan to Feb,,,,,"birds, animals",,,,,,,1280/kg,1500,,NA,NA,,Y,3 to 4,NA,,,tolerant,Manilkara_bidentata,PD
151,Melaleuca,quinquenervia,Myrtaceae,2,Monoecious,Tropical to subtropical,,year-round,,,,insects,Jan to Dec,,,,,,Orthodox?,,,0.26,,NA,NA,"released by fire, frost or damage, falls within a radius of 15 timmes the tree height",N,,NA,,,intolerant,Melaleuca_quinquenervia,ND
152,Metrosideros,polymorpha,Myrtaceae,2,,Tropical,0.75,anytime,,,,bird and insects,,,,,,,Orthodox,,,0.04,,NA,NA,,N,,NA,,,intermediate,Metrosideros_polymorpha,ND
153,Morus,rubra,Moraceae,2,Dioecious,Temperate,,April to May,,,,,,"birds, animals",,,4,,Orthodox,,8600/kg,1.48,37.6,25.6,NA,,Y,2 to 3,NA,,,tolerant,Morus_rubra,PD
154,Nyssa,aquatica,Cornaceae,2,Polygamo-dioecious,Temperate to subtropical,1.2,March to April,,,,wind,Sep to Dec,water,,,30,,Orthodox,cold,990/kg,694.75,,NA,NA,,N,,NA,,,intolerant,Nyssa_aquatica,NA
155,Nyssa,ogeche,Cornaceae,2,Polygamo-dioecious,Temperate to subtropical,,late March to late May,,,,insect,,"gravity, water, animals",,,3,,Orthodox?,,2710/kg,337.77,8.15,5.6,NA,,N,,NA,,,intolerant,Nyssa_ogeche,NA
156,Nyssa,sylvatica var. biflora,Cornaceae,2,Polygamo-dioecious,Temperate,,April to June,,,,,Sep to Nov,"gravity, birds, animals",,,,,Orthodox?,,,192.44,,NA,NA,,N,,NA,,,tolerant,Nyssa_sylvatica var. biflora,NA
157,Ostrya,virginiana,Betulaceae,2,Monoecious,Temperate,,Southeast: late March to mid-April,North: mid-May to mid-June,,,wind,Oct to Dec,"wind, birds",,,25,,Orthodox?,,66000/kg,15.41,,NA,NA,,,,NA,,,tolerant,Ostrya_virginiana,PD
158,Oxydendrum,arboreum,Ericaceae,2,Monoecious,Temperate,,late June to Aug,,,,insect,Dec to Jan,wind,,,,,Orthodox?,,,0.17,,NA,NA,,,,NA,,,tolerant,Oxydendrum_arboreum,NA
159,Paulownia,tomentosa,Scrophulariaceae,2,Monoecious,Temperate,3,April to May,,,,,Dec to March,wind,,,8,,Orthodox,,,0.23,47.7,28.8,NA,,,,NA,,,intolerant,Paulownia_tomentosa,PD
160,Persea,borbonia,Lauraceae,2,Monoecious,Temperate to subtropical,,spring,,,,insect and wind,,"birds, animals",,,,,,,4630/kg,NA,,NA,NA,,N,,NA,,,tolerant,Persea_borbonia,PD
161,Pithecellobium,saman,Leguminosae,2,Monoecious,Tropical,,April to Aug,,,,insect,Dec to April,"rodents, birds",,,,N,,mechanical,,164.94,,NA,NA,,,,NA,,,intolerant,Pithecellobium_saman,ND
162,Platanus,occidentalis,Platanaceae,2,Monoecious,Temperate,10,South: late March,North: May,,,,Feb to May,"wind, water, birds",,,25,,Orthodox,,441000/kg,2.85,6.3,11.6,NA,,Y,1 to 2,NA,,,intermediate,Platanus_occidentalis,ND
163,Populus,balsamifera,Salicaceae,2,Dioecious,Temperate to boreal,0.1,April to May,,,,wind,May to June,"wind, water",,,8,,Orthodox,,,0.24,,NA,NA,,N,,NA,,,intolerant,Populus_balsamifera,ND
164,Populus,deltoides var occidentalis,Salicaceae,2,Dioecious,Temperate,,Feb to April,,,,wind,April to June,"wind, water",,,4,,,,,0.08,,NA,NA,,N,,NA,,,intolerant,Populus_deltoides var occidentalis,NA
165,Populus,grandidentata,Salicaceae,2,Dioecious,Temperate,3,southern Ontario and southeastern Michigan: late April,northern Michigan and northern Minnesota: early to mid-May,,,wind,May,wind,,,10,N,Orthodox,,,0.13,,NA,NA,,Y,2 to 3,NA,,,intolerant,Populus_grandidentata,ND
166,Populus,heterophylla,Salicaceae,2,Dioecious,Temperate,0.05,March to May,,,,wind,April to July,"wind, water",,,10,N,Orthodox,,,3,,NA,NA,,N,,NA,,,intolerant,Populus_heterophylla,NA
167,Populus,tremuloides,Salicaceae,2,Dioecious,Temperate to boreal,0.1,New England: mid-March to April,central Rockies: May to June,,,wind,May to June,"wind, water",,,2,N,Orthodox,,,0.12,,NA,NA,,Y,4 to 5,NA,,,intolerant,Populus_tremuloides,ND
168,Populus,trichocarpa,Salicaceae,2,Dioecious,Temperate,0.1,Washington: early march to late May,"British Columbia, Montana: mid-June",,,,late May to mid-July,"wind, water",,,10,,,,,NA,,NA,NA,,N,,NA,,,intolerant,Populus_trichocarpa,NA
169,Prosopis,pallida,Leguminosae,2,Monoecious,Tropical,0.75,Jan to March and Sep to Oct,,,,insect,April and July,animals,animals,,3,Y,,mechanical,,38.69,,NA,NA,,,,NA,,,intolerant,Prosopis_pallida,NA
170,Prunus,pensylvanica,Rosaceae,2,Monoecious,Temperate,150,Late March to early July,,,,insect,July to Sep,"gravity, birds, animals",,2,30,,,,,43.46,,NA,NA,,Y,3 to 4,NA,,,intolerant,Prunus_pensylvanica,PD
171,Prunus,serotina,Rosaceae,2,Monoecious,Temperate,8,South: late March,North: early June,,,insect,mid-Aug to mid-Sep,"gravity, birds, animals",,,10,,Orthodox,,,83.9,,NA,NA,,Y,1 to 5,NA,,,intolerant,Prunus_serotina,PD
172,Prunus,serotina,Rosaceae,2,Monoecious,Temperate,8,South: late March,North: early June,,,insect,mid-Aug to mid-Sep,"gravity, birds, animals",,,10,,Orthodox,,,83.9,,NA,NA,,Y,1 to 5,NA,,,intolerant,Prunus_serotina,PD
173,Quercus,alba,Fagaceae,2,Monoecious,Temperate,,spring,,,,,Sep to Oct,"gravity, wind, rodents","insects, animals",,20,N,Recalcitrant,,,2996.81,,NA,NA,,Y,4 to 10,NA,,,intermediate,Quercus_alba,PD
174,Quercus,bicolor,Fagaceae,2,Monoecious,Temperate,,May to June,,,,,Sep to Oct,"gravity, water, rodents",,,20,N,Recalcitrant?,,,3459.14,,NA,NA,,Y,3 to 5,NA,,,intermediate,Quercus_bicolor,NA
175,Quercus,chrysolepis,Fagaceae,2,Monoecious,Temperate,,May to June,,,,wind,Oct,"animals, birds",,,15,,Recalcitrant?,,,3220.26,,NA,NA,,Y,2 to 4,NA,,,tolerant,Quercus_chrysolepis,PD
176,Quercus,coccinea,Fagaceae,2,Monoecious,Temperate,,April or May,,,,,,"rodents, birds",insects,,20,,Recalcitrant?,,,1931.37,,NA,NA,,Y,4,NA,,,intolerant,Quercus_coccinea,PD
177,Quercus,douglasii,Fagaceae,2,Monoecious,Temperate,,late March to mid-May,,,,,mid-Sep to Oct,"bird, mammals",,,,,Recalcitrant?,,45/kg,4540.46,,NA,NA,,Y,2 to 3,NA,,,intolerant,Quercus_douglasii,ND
178,Quercus,falcata var. falcata,Fagaceae,2,Monoecious,Temperate,,April to May,,,,,Sep to Oct,"gravity, rodents",,,25,Y,,cold,1190/kg,840.99,,NA,NA,,,,NA,,,intermediate,Quercus_falcata var. falcata,NA
179,Quercus,falcata var. pagodifolia,Fagaceae,2,Monoecious,Temperate,,April to May,,,,,Sep to Oct,"gravity, rodents",,,25,,Recalcitrant,,,783.03,,NA,NA,,Y,,NA,,,intermediate,Quercus_falcata var. pagodifolia,NA
180,Quercus,garryana,Fagaceae,2,Monoecious,Temperate,,March to June,,1 week,,,late Aug to Nov,"gravity, animals",,,,N,Recalcitrant?,,,4369.36,,NA,NA,,Y,,NA,,,intermediate,Quercus_garryana,ND
181,Quercus,kelloggii,Fagaceae,2,Monoecious,Temperate,,mid-March to mid-May,,,,,,,,,30,,Recalcitrant?,,,4779.8,,NA,NA,,Y,2 to 3,NA,,,intolerant,Quercus_kelloggii,NA
182,Quercus,laevis,Fagaceae,2,Monoecious,Temperate,,April or late spring,,,,,,"rodents, animals",rodents,,,,Recalcitrant?,,,1149.66,,NA,NA,,,,NA,,,intolerant,Quercus_laevis,NA
183,Quercus,laurifolia,Fagaceae,2,Monoecious,Temperate,,Feb to March,,,,wind,Sep to Oct,"gravity, rodents",,,15,,Recalcitrant?,,,810.99,,NA,NA,,Y,3 to 4,NA,,,tolerant,Quercus_laurifolia,NA
184,Quercus,lyrata,Fagaceae,2,Monoecious,Temperate,,April to May,,,,,Sep to Oct,"water, animals",,,25,Y,Recalcitrant?,cold,308/kg,3243.47,,NA,NA,,Y,2 to 3,NA,,,intermediate,Quercus_lyrata,PD
185,Quercus,macrocarpa,Fagaceae,2,Monoecious,Temperate,,south: early April,North: mid-June,,,,Aug to Nov,"gravity, wind, rodents",,,35,Y,Recalcitrant?,,,6144.8,,NA,NA,,Y,3 to 5,NA,,,intermediate,Quercus_macrocarpa,PD
186,Quercus,michauxii,Fagaceae,2,Monoecious,Temperate,,April to May,,,,,Sep to Oct,"animals, rodents","rodents, animals",,20,,Recalcitrant?,,,5339.96,,NA,NA,,Y,,NA,,,intolerant,Quercus_michauxii,NA
187,Quercus,muehlenbergii,Fagaceae,2,Monoecious,Temperate,,April to late May or early June,,,,,Sep to Oct,"gravity, rodents",,,,,Recalcitrant?,,,1192.16,,NA,NA,,Y,,NA,,,intolerant,Quercus_muehlenbergii,NA
188,Quercus,nigra,Fagaceae,2,Monoecious,Temperate,,,,,,,Sep,"water, animals",,,20,Y,Recalcitrant,moist,880/kg,1138.91,,NA,NA,,Y,,NA,,,intolerant,Quercus_nigra,PD
189,Quercus,nuttallii,Fagaceae,2,Monoecious,Temperate to subtropical,,March to April,,,,wind,Sep to Feb,"water, rodents, birds",,,20,Y,,cold,,4774.65,,NA,NA,,Y,3 to 4,NA,,,intolerant,Quercus_nuttallii,PD
190,Quercus,palustris,Fagaceae,2,Monoecious,Temperate,,spring,,,,wind,Sep to early Dec,"rodents, birds",,,20,Y,Recalcitrant,cold,,1087.15,,NA,NA,,Y,3 to 4,NA,,,intolerant,Quercus_palustris,PD
191,Quercus,phellos,Fagaceae,2,Monoecious,Temperate,,Feb to May,,,,,Aug to Oct,"water, animals",,,20,Y,Recalcitrant?,cold,,893.36,,NA,NA,,N,,NA,,,intolerant,Quercus_phellos,PD
192,Quercus,prinus,Fagaceae,2,Monoecious,Temperate,,spring,,,,wind,early Sep to early Oct,,,,20,,,,,NA,,NA,NA,,N,,NA,,,intermediate,Quercus_prinus,PD
193,Quercus,rubra,Fagaceae,2,Monoecious,Temperate,,April or May,,,,,Aug to Oct,"gravity, rodents","insects, rodents, birds, animals",,25,,Recalcitrant,,,3143.26,,NA,NA,,Y,2 to 5,NA,,,intermediate,Quercus_rubra,PD
194,Quercus,shumardii,Fagaceae,2,Monoecious,Temperate,,March or April,,,,,Sep to Oct,"animals, birds","rodents, birds, animals",,25,,Recalcitrant?,,,4540.46,,NA,NA,,Y,2 to 3,NA,,,intolerant,Quercus_shumardii,PD
195,Quercus,stellata,Fagaceae,2,Monoecious,Temperate,,South: March,North: May,,,,Sep to Nov,,,,25,,,,,1194.83,,NA,NA,,Y,2 to 3,NA,,,intolerant,Quercus_stellata,NA
196,Quercus,velutina,Fagaceae,2,Monoecious,Temperate,,April or May,,,,,Aug to Oct,"gravity, rodents, birds","insects, birds, animals",,20,,Recalcitrant,,,1852.46,,NA,NA,,Y,2 to 3,NA,,,intermediate,Quercus_velutina,PD
197,Quercus,virginiana,Fagaceae,2,Monoecious,Temperate to subtropical,1,March to May,,,,,Dec,"gravity, animals",,,,,Recalcitrant?,,,1238.87,,NA,NA,,N,,NA,,,intermediate,Quercus_virginiana,NA
198,Robinia,pseudoacacia,Leguminosae,2,Monoecious,Temperate,50,May or June,,,,insect,Sep to April,,,,6,Y,Orthodox,mechanical,52900/kg,19.25,10.8,43.2,NA,,,,NA,,,intolerant,Robinia_pseudoacacia,PY
199,Sabal,palmetto,Palmae,2,Monoecious,Tropical to subtropical,2.7,south florida: april to aug,North Carolina: mid-July,4-6 weeks,,insect,,"water, animals",insects,,,,Orthodox,,,313.95,,NA,NA,,,,NA,,,tolerant,Sabal_palmetto,MD
200,Sabal,palmetto,Palmae,2,Monoecious,Tropical to subtropical,2.7,south florida: april to aug,North Carolina: mid-July,4-6 weeks,,insect,,"water, animals",insects,,,,Orthodox,,,313.95,,NA,NA,,,,NA,,,tolerant,Sabal_palmetto,MPD
201,Salix,nigra,Salicaceae,2,Dioecious,Temperate,,,,,,insect and wind,,"wind, water",,,10,,,,,0.06,,NA,NA,,N,,NA,,,intolerant,Salix_nigra,ND
202,Sassafras,albidum,Lauraceae,2,Dioecious,Temperate,,March to April,,,,,Aug to Sep,"water, animals, birds",,,10,Y,Orthodox?,cold,,78.53,,NA,NA,,Y,1 to 2,NA,,,intolerant,Sassafras_albidum,PD
203,Tabebuia,heterophylla,Bignoniaceae,2,,Tropical,0.5,Spring,,,,,July to Sep,wind,,,,N,Orthodox?,,70000/kg,8.92,,NA,NA,,,,NA,,,intolerant,Tabebuia_heterophylla,ND
204,Tilia,americana,Tiliaceae,2,Monoecious,Temperate,3,June,,,,insect,Sep to Oct,"gravity, wind, animals",,,15,,Orthodox,,,108.14,,NA,NA,,,,NA,,,tolerant,Tilia_americana,PYPD
205,Tilia,heterophylla,Tiliaceae,2,,Temperate,,late June to early July,,,,insect,Dec to March,wind,,,,Y,,,,NA,,NA,NA,,,,NA,,,tolerant,Tilia_heterophylla,NA
206,Ulmus,alata,Ulmaceae,2,,Temperate,,March to April,,,,,April,"wind, water","birds, animals",,,,Orthodox?,,,4,,NA,NA,,,,NA,,,intolerant,Ulmus_alata,NA
207,Ulmus,americana,Ulmaceae,2,Monoecious,Temperate,15,spring,,,,wind,mid-March or mid-June,wind,animals,,15,,Orthodox,,156000/kg,5.04,25.6,NA,NA,,N,,NA,,,intermediate,Ulmus_americana,ND
208,Ulmus,crassifolia,Ulmaceae,2,,Temperate,,Aug to Sep,,,,,Sep to Oct,wind,,,,Y,Orthodox?,cold,,6.27,,NA,NA,,,,NA,,,intermediate,Ulmus_crassifolia,PD
209,Ulmus,rubra,Ulmaceae,2,Monoecious,Temperate,,Feb to May,,,,,April to June,"gravity, wind",,,15,Y,Orthodox?,,,9.98,,NA,NA,,Y,2 to 4,NA,,,tolerant,Ulmus_rubra,ND
210,Ulmus,serotina,Ulmaceae,2,,Temperate,,Sep,,,,wind,late Oct to early Nov,"gravity, wind",,,,Y,Orthodox?,cold,,3.01,,NA,NA,,Y,2 to 3,NA,,,tolerant,Ulmus_serotina,PD
211,Ulmus,thomasii,Ulmaceae,2,,Temperate,,March to May,,,,wind,May to June,"wind, water, animals",,,20,,Orthodox?,,,60.5,,NA,NA,,Y,3 to 4,NA,,,tolerant,Ulmus_thomasii,NA
212,Umbellularia,californica,Lauraceae,2,Monoecious,Temperate,,,,,,insect,,"gravity, wind, water, animals",,,,Y,,,,1801.29,,NA,NA,,N,,NA,,,tolerant,Umbellularia_californica,PD
